{
  "type": "FeatureCollection",
  "features": [
    {
      "type": "Feature",
      "id": 63,
      "geometry": {
        "type": "Polygon",
        "coordinates": [
          [
            [-0.381238890373251, 39.4546285719578],
            [-0.384162897013295, 39.4550187459505],
            [-0.384472347527961, 39.4535437671072],
            [-0.384671871805873, 39.4525798168359],
            [-0.386885671631606, 39.4528683542302],
            [-0.387739332687362, 39.4529776324568],
            [-0.388502155309181, 39.4531659429063],
            [-0.388666943151965, 39.4522552576186],
            [-0.388795606497334, 39.4515915033872],
            [-0.388856907320968, 39.4512730668471],
            [-0.389317099104994, 39.4492203892641],
            [-0.3896127486291, 39.4477225709993],
            [-0.385816137044661, 39.4478354175834],
            [-0.383597764329334, 39.4472855021864],
            [-0.382810104000869, 39.4495064457637],
            [-0.381238890373251, 39.4546285719578]
          ]
        ]
      },
      "properties": {
        "objectid": 63,
        "codbarrio": "3",
        "nombre": "LA CREU COBERTA",
        "coddistbar": "093",
        "coddistrit": "9",
        "gis.gis.BARRIOS.area": 3748875.3125
      }
    },
    {
      "type": "Feature",
      "id": 65,
      "geometry": {
        "type": "Polygon",
        "coordinates": [
          [
            [-0.369414984043386, 39.4477175541703],
            [-0.36934499690209, 39.4475898467223],
            [-0.36912208040687, 39.4471839088476],
            [-0.36896326195417, 39.4461172825578],
            [-0.36902719843301, 39.4454610862],
            [-0.369514807353631, 39.441481287222],
            [-0.365542328975477, 39.4409904252421],
            [-0.365442112301981, 39.441375523911],
            [-0.365377305495252, 39.4414956649934],
            [-0.365388200472965, 39.4415724868926],
            [-0.365449971227707, 39.4416099222832],
            [-0.365376182886208, 39.441910036117],
            [-0.364834732295651, 39.441749116415],
            [-0.364795387193793, 39.4420410019035],
            [-0.364688136783203, 39.4425160194776],
            [-0.36447238377818, 39.4430561427878],
            [-0.365811996969938, 39.4433883058521],
            [-0.365727996914412, 39.4437287370775],
            [-0.365518548872899, 39.4443726155563],
            [-0.365324268036159, 39.4455573661134],
            [-0.365129037606958, 39.4457466299481],
            [-0.364813472682899, 39.4456223612555],
            [-0.364733751434561, 39.4456565890122],
            [-0.364608608274388, 39.4458744674463],
            [-0.364440110242153, 39.446086858238],
            [-0.364524959437817, 39.4463590465143],
            [-0.36470066281132, 39.4464756405576],
            [-0.364913495280336, 39.4465705540934],
            [-0.365301167715656, 39.4467279879551],
            [-0.365812416241151, 39.4469017345289],
            [-0.366228777418701, 39.447068824332],
            [-0.36627542676594, 39.4470833946275],
            [-0.366314269967699, 39.4470932836151],
            [-0.366345307012524, 39.4470984913023],
            [-0.366531441708598, 39.4471117176443],
            [-0.367461506533605, 39.4471372914405],
            [-0.367862879332722, 39.4476058311961],
            [-0.368259129728748, 39.4481913681757],
            [-0.369414984043386, 39.4477175541703]
          ]
        ]
      },
      "properties": {
        "objectid": 65,
        "codbarrio": "4",
        "nombre": "LA FONTETA S.LLUIS",
        "coddistbar": "104",
        "coddistrit": "10",
        "gis.gis.BARRIOS.area": 2388267.3438
      }
    },
    {
      "type": "Feature",
      "id": 601,
      "geometry": {
        "type": "Polygon",
        "coordinates": [
          [
            [-0.287669685026775, 39.5568186104017],
            [-0.288199689918962, 39.5571116129668],
            [-0.289034525398623, 39.557591125714],
            [-0.289704563714885, 39.5579407479177],
            [-0.290613272968637, 39.5583380946391],
            [-0.291264977862424, 39.5586397600406],
            [-0.291937290164168, 39.5589314974495],
            [-0.292158320709782, 39.559016142815],
            [-0.292320859380778, 39.5590798304268],
            [-0.292572838795523, 39.5591820696188],
            [-0.292901796355269, 39.5592965075202],
            [-0.293481736632393, 39.5595392022898],
            [-0.294058946306613, 39.5597340040594],
            [-0.294437474488426, 39.5598730329239],
            [-0.294666205999015, 39.5599669065831],
            [-0.294968151219913, 39.5600833219321],
            [-0.295252171617334, 39.5601890312553],
            [-0.295542599507054, 39.5603212481894],
            [-0.295888684085766, 39.5604920738422],
            [-0.296101058559691, 39.5605939688479],
            [-0.296277454596876, 39.5606675317041],
            [-0.296541685815877, 39.5607578770171],
            [-0.296711896001556, 39.560806449573],
            [-0.297049292964318, 39.5609308105503],
            [-0.297447506189934, 39.5610568650697],
            [-0.297845427265567, 39.5612273417357],
            [-0.298124930744056, 39.5613512984849],
            [-0.298392266725829, 39.5614751156601],
            [-0.298768440028341, 39.5616374980665],
            [-0.298993971338036, 39.5617322617822],
            [-0.29913364396718, 39.5617946784536],
            [-0.299203060389128, 39.5618836309524],
            [-0.299257700216366, 39.5619778701406],
            [-0.29930370394876, 39.5620127491457],
            [-0.299422511530514, 39.5620493211167],
            [-0.299671713208195, 39.5621058250017],
            [-0.299963708900629, 39.5622232573546],
            [-0.300674944707581, 39.562520038639],
            [-0.300953930484279, 39.5625966996008],
            [-0.301244217516604, 39.5626766764259],
            [-0.301466733080753, 39.562763545863],
            [-0.301609394923121, 39.5628429291427],
            [-0.30171277327359, 39.5629016797581],
            [-0.301816272679725, 39.5629576134098],
            [-0.30187982156333, 39.5630098081426],
            [-0.301810913213922, 39.5632095579595],
            [-0.30192183799409, 39.5632418003089],
            [-0.302195178136183, 39.563305985406],
            [-0.302516776045287, 39.5634031270914],
            [-0.302660353334638, 39.563438847755],
            [-0.303145809877758, 39.5635472704999],
            [-0.303593120743418, 39.563642346698],
            [-0.303898363276852, 39.5637057100304],
            [-0.304329488740332, 39.5638046326804],
            [-0.304687464785546, 39.563877713064],
            [-0.305367806728599, 39.5640280080182],
            [-0.305801095169384, 39.5641135616403],
            [-0.306171646882231, 39.5641943973306],
            [-0.306179872624219, 39.5642446758628],
            [-0.306192979292103, 39.5643222014668],
            [-0.306210366871164, 39.5643724312623],
            [-0.306286363196464, 39.564406570866],
            [-0.306737001799408, 39.5644992258444],
            [-0.307022293756995, 39.5645357321926],
            [-0.307360324243267, 39.5646588079714],
            [-0.307708596714872, 39.5648414777847],
            [-0.307979861837534, 39.5649075561117],
            [-0.308419848271171, 39.5649426540594],
            [-0.308695587411536, 39.5649764485441],
            [-0.309107903302875, 39.5650607291398],
            [-0.309255075856841, 39.5648318346773],
            [-0.309288095443434, 39.5648119880659],
            [-0.309349971989344, 39.5648079985016],
            [-0.310009604336832, 39.5649330039587],
            [-0.310182390030332, 39.5649335377358],
            [-0.310365581697447, 39.5649551311063],
            [-0.31124728014881, 39.5651428012109],
            [-0.311495778730996, 39.5651939485296],
            [-0.311772483647207, 39.5652404692005],
            [-0.312047440532665, 39.5653391715598],
            [-0.312189561831749, 39.5653866030195],
            [-0.312316025291823, 39.5653895298387],
            [-0.312429489599007, 39.5653957230958],
            [-0.312997934118091, 39.5656091737318],
            [-0.313182744260498, 39.5656564385781],
            [-0.314052722126011, 39.5660603919329],
            [-0.314232844492874, 39.5661576795252],
            [-0.31440351045405, 39.5662629549897],
            [-0.31458039241323, 39.5663100342916],
            [-0.314906990926384, 39.5663882043551],
            [-0.315400060546635, 39.5665097155532],
            [-0.315824796866152, 39.5665938181216],
            [-0.31609049223738, 39.5652219318739],
            [-0.316750941127064, 39.5653708628584],
            [-0.317199721706493, 39.5646619844411],
            [-0.317368799242153, 39.5644993842009],
            [-0.317547260845955, 39.5641951059899],
            [-0.31776091375986, 39.563845327036],
            [-0.317931905251899, 39.5635203720632],
            [-0.318285249467894, 39.563657507933],
            [-0.318591323427824, 39.5637226176041],
            [-0.318717926095901, 39.5634675702753],
            [-0.318603254913781, 39.5634133304736],
            [-0.319196897749242, 39.5625336880549],
            [-0.319525243900668, 39.5621435279588],
            [-0.319880222447974, 39.5617148120565],
            [-0.319640932194926, 39.5616250862019],
            [-0.319011530929843, 39.5613561823461],
            [-0.317982808503199, 39.5610606314271],
            [-0.317737006135845, 39.5610430453486],
            [-0.31749645949044, 39.5609718528299],
            [-0.31731557959436, 39.5610257442395],
            [-0.317203824848654, 39.5613273472408],
            [-0.317002460960676, 39.561374269756],
            [-0.316778876445555, 39.5613119987522],
            [-0.316581829597776, 39.5611929556948],
            [-0.316296095987445, 39.5610603860021],
            [-0.316020140795906, 39.5609105919358],
            [-0.315623009423508, 39.5607010080247],
            [-0.315334115006377, 39.5605780651993],
            [-0.315082503679076, 39.5604568213959],
            [-0.314964609136245, 39.5603735138585],
            [-0.314648096856074, 39.5601091984648],
            [-0.314429914132345, 39.5599879424554],
            [-0.314154103563413, 39.5599096936672],
            [-0.313448653610958, 39.5595797606353],
            [-0.312937716687649, 39.5593511663799],
            [-0.312588197717177, 39.5592113463645],
            [-0.312174063029674, 39.5589986637819],
            [-0.311843524246168, 39.55881769712],
            [-0.311319744417339, 39.5585262878986],
            [-0.31084036994461, 39.5582393458315],
            [-0.310237724282599, 39.5578980537939],
            [-0.31032330207901, 39.5576119047284],
            [-0.310450812469899, 39.5572690896445],
            [-0.310443564401623, 39.5571997717893],
            [-0.309811726277791, 39.5569458876435],
            [-0.308661185518009, 39.5564756572426],
            [-0.308112867907242, 39.5562670217008],
            [-0.307363578486648, 39.5559884210597],
            [-0.306950223867577, 39.5558021964344],
            [-0.306565716772694, 39.5556509621136],
            [-0.306221042770214, 39.5554790838554],
            [-0.305957082966808, 39.5553602547169],
            [-0.305585053929347, 39.5551748037116],
            [-0.305347969374954, 39.555104612503],
            [-0.304815030046097, 39.5548981831265],
            [-0.30449621983453, 39.5547786543746],
            [-0.30410951430154, 39.5546300815771],
            [-0.303714871479248, 39.5544527299628],
            [-0.303226675180049, 39.5542430169808],
            [-0.302227357892789, 39.5538403128895],
            [-0.301616220328382, 39.5535784424188],
            [-0.300851644659242, 39.553306237506],
            [-0.300165746951637, 39.5530186051261],
            [-0.299245442169021, 39.5526765744525],
            [-0.29877299960828, 39.5524930909532],
            [-0.298509256459223, 39.5523920871125],
            [-0.298122750891005, 39.5522567238372],
            [-0.297590191009109, 39.5520416402374],
            [-0.297239653856688, 39.5518782384379],
            [-0.296944318514816, 39.5517290566761],
            [-0.296670447327692, 39.5516019313183],
            [-0.296347760090522, 39.5514391660778],
            [-0.296134838565162, 39.5513220885056],
            [-0.29578731374955, 39.5511873637715],
            [-0.295377500846436, 39.5509708219384],
            [-0.295046037170612, 39.5507474822211],
            [-0.294756626843444, 39.5505898117428],
            [-0.294401656016787, 39.5503552204798],
            [-0.293942655515881, 39.5500760442181],
            [-0.293464289449176, 39.5497587139662],
            [-0.291460226280346, 39.5533873516289],
            [-0.28977381844958, 39.555571443508],
            [-0.288288301112906, 39.5565381605982],
            [-0.287669685026775, 39.5568186104017]
          ]
        ]
      },
      "properties": {
        "objectid": 601,
        "codbarrio": "5",
        "nombre": "RAFALELL-VISTABELLA",
        "coddistbar": "175",
        "coddistrit": "17",
        "gis.gis.BARRIOS.area": null
      }
    },
    {
      "type": "Feature",
      "id": 105,
      "geometry": {
        "type": "Polygon",
        "coordinates": [
          [
            [-0.351559825651989, 39.4815541480084],
            [-0.342757228635524, 39.4870646326156],
            [-0.342775398611179, 39.487067120145],
            [-0.343067515912439, 39.4871355549064],
            [-0.34322751041124, 39.4871707978374],
            [-0.343360934140699, 39.487204036699],
            [-0.343461180903454, 39.4872209858495],
            [-0.343596190630802, 39.4872354774991],
            [-0.343716556765559, 39.4872513549021],
            [-0.343798900098284, 39.4872688944501],
            [-0.343860501909287, 39.4872977432277],
            [-0.343909521109054, 39.4873474388336],
            [-0.344004305346986, 39.4875356717748],
            [-0.344060347486112, 39.4876430756208],
            [-0.344123451243577, 39.4876908138664],
            [-0.344607671209482, 39.4878457591103],
            [-0.345199857965167, 39.4880296638814],
            [-0.345572589309412, 39.4881176003409],
            [-0.345887660112513, 39.4881733095907],
            [-0.346709078595409, 39.4883538662565],
            [-0.346994702339588, 39.488415368368],
            [-0.34723581762634, 39.4884402601404],
            [-0.347583912572119, 39.4884809264437],
            [-0.347869905360879, 39.4885012559092],
            [-0.348127747274683, 39.4885250411733],
            [-0.348486879233229, 39.4885582992436],
            [-0.349015413492736, 39.4886024480491],
            [-0.349310060278279, 39.4886306558658],
            [-0.349549297524922, 39.4886575900293],
            [-0.349777488136447, 39.488684262737],
            [-0.350112329187872, 39.4887491769983],
            [-0.350261695391767, 39.4887926181087],
            [-0.350283441700591, 39.4888341217905],
            [-0.350322601838698, 39.4888720226901],
            [-0.350397555160788, 39.4889183161263],
            [-0.350474382749037, 39.4889572020262],
            [-0.350543604926264, 39.4889860318729],
            [-0.350649978387306, 39.4890288254916],
            [-0.350680221622286, 39.489041001203],
            [-0.350749918299148, 39.4890640761544],
            [-0.350975371999532, 39.4891668530068],
            [-0.351141761676289, 39.4892329326842],
            [-0.351216703828957, 39.4892627033172],
            [-0.351348029239735, 39.4893223258811],
            [-0.35143238331251, 39.4893574549103],
            [-0.351548743953717, 39.4894128353545],
            [-0.351658416720114, 39.48947043255],
            [-0.351826915503593, 39.4895465320025],
            [-0.351923737743131, 39.4895858456228],
            [-0.35200412333184, 39.4896434506919],
            [-0.352129159105319, 39.4897052442925],
            [-0.352149175225622, 39.4897372310124],
            [-0.352159287826961, 39.489746181919],
            [-0.352193686339094, 39.4897766315678],
            [-0.35221420470119, 39.4897895672287],
            [-0.352275453017839, 39.4898281870249],
            [-0.352359467041966, 39.4898986489262],
            [-0.352440666137744, 39.4899498490036],
            [-0.352559271695463, 39.4900132163005],
            [-0.352687476316891, 39.4900846758175],
            [-0.352873972930144, 39.4901841380933],
            [-0.352983001981324, 39.4902949160003],
            [-0.353088332197491, 39.4904097265413],
            [-0.353151875017662, 39.4904605239158],
            [-0.353242255188107, 39.4905250402991],
            [-0.353349416972517, 39.4905919027699],
            [-0.353399590240244, 39.4906218375348],
            [-0.353479451648714, 39.4907086450046],
            [-0.353582769297701, 39.4908302649171],
            [-0.353661621298152, 39.490921932011],
            [-0.353746728391211, 39.4910102371096],
            [-0.353813543906998, 39.491067964314],
            [-0.35389823667778, 39.4911206122824],
            [-0.354024430760425, 39.4911988802126],
            [-0.354165794786012, 39.4913032944759],
            [-0.354338384453077, 39.4914525894214],
            [-0.354443878160084, 39.4915567541477],
            [-0.35452263626509, 39.4916239688086],
            [-0.354763494279451, 39.4917869342],
            [-0.354833891579004, 39.4919096863819],
            [-0.354925804919329, 39.4921809959861],
            [-0.355008002055083, 39.4922713059442],
            [-0.355149865039157, 39.49242122453],
            [-0.355263726868697, 39.4925445604226],
            [-0.355307872496007, 39.4925838794173],
            [-0.35537581193933, 39.4926289019714],
            [-0.355492792617439, 39.4927080216623],
            [-0.355537713504349, 39.4927351783985],
            [-0.355599263449656, 39.4927723979732],
            [-0.35564222926913, 39.4927983750732],
            [-0.355784054533814, 39.4928855551698],
            [-0.355950197884821, 39.4929909996618],
            [-0.35613303774236, 39.4931038236298],
            [-0.356135821177334, 39.4931055445732],
            [-0.356215039957409, 39.4931514899432],
            [-0.35629300657318, 39.4931915150528],
            [-0.356446080140077, 39.4932875085883],
            [-0.356687457047673, 39.4934272303023],
            [-0.356825951734651, 39.4935133874582],
            [-0.356882419699586, 39.4935485178414],
            [-0.356926146176474, 39.4935814485077],
            [-0.356991012415816, 39.4936303010086],
            [-0.357066661979118, 39.4936842454584],
            [-0.357115955851992, 39.4937193837114],
            [-0.357192794993911, 39.4937778414918],
            [-0.357219059698994, 39.4937978256986],
            [-0.357359497384688, 39.4939091518024],
            [-0.357508596058609, 39.4940180711865],
            [-0.357615323926515, 39.4940950997962],
            [-0.357616784821817, 39.4940930610088],
            [-0.357893621050034, 39.4938060587658],
            [-0.359674809622447, 39.4902392203306],
            [-0.360260664038231, 39.4890659437806],
            [-0.359011883459886, 39.4889172282481],
            [-0.357258423094485, 39.4886881771654],
            [-0.357472010745717, 39.4876345067907],
            [-0.357556670372412, 39.4872220385936],
            [-0.357593469858458, 39.4870562135681],
            [-0.357405949940947, 39.4870384359404],
            [-0.356268620847881, 39.4869269726509],
            [-0.356428106517046, 39.485939647743],
            [-0.35388648199549, 39.4856880992092],
            [-0.354122733139974, 39.4843827151689],
            [-0.35440848921894, 39.4825379323686],
            [-0.354423858555902, 39.482439186022],
            [-0.351559825651989, 39.4815541480084]
          ]
        ]
      },
      "properties": {
        "objectid": 105,
        "codbarrio": "2",
        "nombre": "CAMI DE VERA",
        "coddistbar": "142",
        "coddistrit": "14",
        "gis.gis.BARRIOS.area": null
      }
    },
    {
      "type": "Feature",
      "id": 153,
      "geometry": {
        "type": "Polygon",
        "coordinates": [
          [
            [-0.426507526824792, 39.4949989052185],
            [-0.426117659118742, 39.4950718087135],
            [-0.425967822443167, 39.4950646337374],
            [-0.425939398924353, 39.4954910768863],
            [-0.425251307469678, 39.4955722710915],
            [-0.425345340970204, 39.4959886980016],
            [-0.425355136826031, 39.4964774280151],
            [-0.425352432912067, 39.4970077270462],
            [-0.424583433472505, 39.4970847279448],
            [-0.423618007178054, 39.4965156244961],
            [-0.423207031944833, 39.4964822323395],
            [-0.421470015349267, 39.496562641534],
            [-0.418733417451706, 39.4966894431766],
            [-0.416045153062768, 39.4968195612787],
            [-0.414384404042425, 39.496862876375],
            [-0.412595972492602, 39.4964772615967],
            [-0.412817817004496, 39.4968224824167],
            [-0.412672032751298, 39.4968953337028],
            [-0.412518235483882, 39.4971644165247],
            [-0.412439011325395, 39.4977254958977],
            [-0.412442660457035, 39.4977377750958],
            [-0.412443961143766, 39.4977538037137],
            [-0.412447041356089, 39.497779223109],
            [-0.412441972004076, 39.4978967382873],
            [-0.412427487415448, 39.498041736878],
            [-0.412402417743049, 39.4982109586589],
            [-0.412395195502544, 39.4983416778448],
            [-0.412346333935043, 39.4985225046214],
            [-0.412282379960358, 39.4986509603486],
            [-0.412266964652951, 39.4987768394903],
            [-0.41224501318461, 39.4988400699231],
            [-0.412153253409577, 39.4990513098596],
            [-0.412057053206241, 39.4992154878786],
            [-0.412030884485951, 39.4992986599265],
            [-0.412022454775343, 39.4993653806034],
            [-0.412001602390437, 39.4994456711217],
            [-0.41193704354996, 39.4995803562592],
            [-0.411917232507155, 39.4996786425294],
            [-0.411887832747368, 39.4997858861765],
            [-0.411834034488173, 39.4999345403598],
            [-0.411801908066395, 39.5000259488165],
            [-0.411715331165146, 39.5002685283249],
            [-0.41169536341085, 39.5003349919387],
            [-0.411657791126948, 39.5004424678608],
            [-0.411572877705856, 39.5006192118889],
            [-0.411479551987763, 39.5008236416854],
            [-0.411398745572626, 39.5010081345514],
            [-0.411348001727245, 39.5011236320314],
            [-0.41138586059549, 39.5012164644391],
            [-0.411432920533027, 39.5013881667296],
            [-0.411735916643963, 39.501529805639],
            [-0.412315549181572, 39.5018281513582],
            [-0.412820200728218, 39.5020855282156],
            [-0.412898098691876, 39.5021138297254],
            [-0.412917902987505, 39.5021210273005],
            [-0.412964053763366, 39.5021512254172],
            [-0.413081595152018, 39.5021995712284],
            [-0.413318544186681, 39.5022976914022],
            [-0.413551814204554, 39.5023943778786],
            [-0.413842018044868, 39.5025180783337],
            [-0.413971105511194, 39.502552698578],
            [-0.414456262109976, 39.50274935656],
            [-0.414638364963215, 39.5027959393574],
            [-0.415309186985133, 39.5029613924421],
            [-0.415994620150625, 39.5031280494911],
            [-0.416610746510957, 39.5034551309602],
            [-0.417497663558963, 39.5038936405025],
            [-0.418078795609327, 39.5042456476091],
            [-0.418606947827994, 39.504542133617],
            [-0.419135213222265, 39.5048356828958],
            [-0.419762378307772, 39.5051349035825],
            [-0.420546289317231, 39.5055394365822],
            [-0.421029969986408, 39.5057899523902],
            [-0.421099009120976, 39.5058136645248],
            [-0.421471883593858, 39.506005179655],
            [-0.421707148267433, 39.5061576947995],
            [-0.422020074246535, 39.5063171758123],
            [-0.422670787791479, 39.5066297140197],
            [-0.422993516621834, 39.5067887072086],
            [-0.423494611511947, 39.5070565627291],
            [-0.423976771771709, 39.5073031589103],
            [-0.424173028124953, 39.5074065800433],
            [-0.424187230549837, 39.5074140659289],
            [-0.424894201995808, 39.5072799116078],
            [-0.426021328860342, 39.5070877659678],
            [-0.426232853366826, 39.5070517410395],
            [-0.42669804651591, 39.5069765694729],
            [-0.427105637132477, 39.5068960394581],
            [-0.427738626574391, 39.5067592383752],
            [-0.428624211262011, 39.5066144751353],
            [-0.429221763228278, 39.5065037639382],
            [-0.429956587962936, 39.5063571050081],
            [-0.430730108951543, 39.5062417919778],
            [-0.43151931569868, 39.5061037489084],
            [-0.43163346190174, 39.5060872635982],
            [-0.431569456003551, 39.5057964310574],
            [-0.431483027412078, 39.5054601847613],
            [-0.431314829516976, 39.5051635082104],
            [-0.431213172543671, 39.5049180583558],
            [-0.431104847290923, 39.5045831114012],
            [-0.431010632122477, 39.5041208842598],
            [-0.43086593475157, 39.5037316023828],
            [-0.430744212065327, 39.5032935590607],
            [-0.430630087044556, 39.5029378171296],
            [-0.430492047311115, 39.5026554726854],
            [-0.43045722095701, 39.5024493371738],
            [-0.430370654927867, 39.5022092021828],
            [-0.430240242451069, 39.5018682615071],
            [-0.43014402022647, 39.501558229459],
            [-0.430048738785829, 39.5012545603538],
            [-0.430015826200898, 39.5010908896146],
            [-0.429954776380172, 39.5008987141551],
            [-0.429872160820384, 39.5007086111314],
            [-0.429749771144501, 39.5004296659664],
            [-0.429631995668752, 39.5001593270855],
            [-0.429502187707916, 39.4999195321019],
            [-0.429361582151074, 39.4996174722665],
            [-0.429309867663539, 39.4994137644861],
            [-0.429238225108618, 39.4992516239636],
            [-0.429214854677943, 39.4991979277389],
            [-0.429167358308823, 39.499150778651],
            [-0.429086217128849, 39.4989681039406],
            [-0.428993365732919, 39.4989948957201],
            [-0.428911061391192, 39.498901193425],
            [-0.428896106766978, 39.4988841781484],
            [-0.428844235670429, 39.4987923203798],
            [-0.428791467445345, 39.4987358384452],
            [-0.428786051967991, 39.4986925392642],
            [-0.428771093110529, 39.4986122458265],
            [-0.42874559663705, 39.4984897560464],
            [-0.428728797158554, 39.4984136560225],
            [-0.428734949212959, 39.4983571806478],
            [-0.428700645284968, 39.4982408201535],
            [-0.428688243925182, 39.4982185821763],
            [-0.428663619237713, 39.4981825244093],
            [-0.428570417553514, 39.4980838600893],
            [-0.42855283327971, 39.4980545976198],
            [-0.428514158825856, 39.4980287151705],
            [-0.4284627767747, 39.4979841734464],
            [-0.428297198482049, 39.4978225388929],
            [-0.428170780746846, 39.4976991575625],
            [-0.428137826629361, 39.4976673116325],
            [-0.428108243274513, 39.4976408645252],
            [-0.428154143570447, 39.4975634946332],
            [-0.428160273095216, 39.4975167843647],
            [-0.428166134472981, 39.4975035179641],
            [-0.428176501548443, 39.4974951439928],
            [-0.428198147912256, 39.497476992842],
            [-0.428217528618612, 39.4974518547368],
            [-0.428221143918396, 39.4974313856041],
            [-0.428167473467008, 39.497328776204],
            [-0.428157680978135, 39.4973143164874],
            [-0.428151796294169, 39.4972935289758],
            [-0.428150954090221, 39.4972835735892],
            [-0.428158514753033, 39.4972740474319],
            [-0.428157386039577, 39.4972532570839],
            [-0.428159689782765, 39.4972352453609],
            [-0.428162465881564, 39.4972101000867],
            [-0.428177461388591, 39.4971963511888],
            [-0.428187452969754, 39.4971877526924],
            [-0.4281473684909, 39.4971071012319],
            [-0.428120649085285, 39.4970490334457],
            [-0.428112401561204, 39.4970295719833],
            [-0.428071358918326, 39.4969651332094],
            [-0.428065484926375, 39.4969569853257],
            [-0.428061544226324, 39.496931096794],
            [-0.428055529784674, 39.4968980633975],
            [-0.428044329551254, 39.4968867796563],
            [-0.428027254680483, 39.4968705191242],
            [-0.428012373055522, 39.4968559557548],
            [-0.427973856139496, 39.4968396980536],
            [-0.427958980840752, 39.4968363147822],
            [-0.427936658765957, 39.4968349558142],
            [-0.427914776529276, 39.4968434262087],
            [-0.427882393504349, 39.4968566460347],
            [-0.427855260701456, 39.4968630813067],
            [-0.427832067220174, 39.4968705316868],
            [-0.427810269280828, 39.4968773463018],
            [-0.427717730840174, 39.4968503162309],
            [-0.427643252784285, 39.4967712094552],
            [-0.427391143226451, 39.4965515959456],
            [-0.427337881751702, 39.4965091922594],
            [-0.427282251529706, 39.4964651235199],
            [-0.427191072360095, 39.4963927546393],
            [-0.427127331095704, 39.496342875707],
            [-0.42709092932977, 39.496317835894],
            [-0.427032748936706, 39.496254017255],
            [-0.427045809804893, 39.4962413337483],
            [-0.427104798977079, 39.4962082081996],
            [-0.427144651235683, 39.4961835235714],
            [-0.427263892230075, 39.4961372548675],
            [-0.427248672792909, 39.496108531042],
            [-0.427197995509642, 39.4960474641525],
            [-0.427138303504107, 39.4959546486892],
            [-0.427048080419943, 39.4958059509905],
            [-0.427006570231847, 39.495701907662],
            [-0.426946840097904, 39.4956451265993],
            [-0.426857285744077, 39.49551456934],
            [-0.42678594920005, 39.4954197120785],
            [-0.426720456846485, 39.49534263251],
            [-0.426645960883025, 39.4952451737117],
            [-0.42660611032329, 39.4951787428506],
            [-0.426568134243426, 39.4950999573334],
            [-0.426532635843318, 39.4950592800009],
            [-0.426507526824792, 39.4949989052185]
          ]
        ]
      },
      "properties": {
        "objectid": 153,
        "codbarrio": "1",
        "nombre": "BENIMAMET",
        "coddistbar": "181",
        "coddistrit": "18",
        "gis.gis.BARRIOS.area": null
      }
    },
    {
      "type": "Feature",
      "id": 121,
      "geometry": {
        "type": "Polygon",
        "coordinates": [
          [
            [-0.412439011325395, 39.4977254958977],
            [-0.412518235483882, 39.4971644165247],
            [-0.412672032751298, 39.4968953337028],
            [-0.412817817004496, 39.4968224824167],
            [-0.412595972492602, 39.4964772615967],
            [-0.41134978769581, 39.4960196220805],
            [-0.40932122878891, 39.4935567874503],
            [-0.408255672026051, 39.492159550255],
            [-0.402501175215701, 39.4945867257562],
            [-0.400075272581041, 39.4956810825238],
            [-0.399718053240366, 39.4952046313233],
            [-0.398244403513367, 39.4960184610442],
            [-0.401482213194319, 39.4989708489185],
            [-0.401588051475096, 39.4989471894589],
            [-0.401801248503512, 39.4989308404566],
            [-0.401926115430475, 39.4989441909211],
            [-0.401951640792571, 39.4989173118729],
            [-0.402063275654047, 39.49893438424],
            [-0.402193095869219, 39.4989736553747],
            [-0.402295920134633, 39.4990090526179],
            [-0.402560645508879, 39.4990716001711],
            [-0.402900090754405, 39.4992029508622],
            [-0.40314061507208, 39.4993505397405],
            [-0.403451119879, 39.4994581524631],
            [-0.40350807310364, 39.4994544703684],
            [-0.403598397295786, 39.4994464800273],
            [-0.403648466103065, 39.4994431214892],
            [-0.403686012341903, 39.4994469153674],
            [-0.40372518779865, 39.4994566103667],
            [-0.403767622476434, 39.499476837395],
            [-0.403825830050146, 39.4995231729987],
            [-0.403848821121398, 39.4995428033856],
            [-0.403868945338329, 39.4995529194813],
            [-0.403890709956383, 39.4995520814911],
            [-0.403908679333737, 39.4995432399634],
            [-0.403925008293481, 39.4995272358202],
            [-0.403950041718931, 39.4995044983934],
            [-0.403983415317686, 39.4995060548517],
            [-0.404042981913013, 39.4995058902635],
            [-0.404151774450421, 39.4995246988901],
            [-0.404234357717422, 39.4995250484264],
            [-0.404303675275279, 39.4995206512002],
            [-0.40437508804081, 39.4995118233649],
            [-0.404406294454398, 39.4994991244103],
            [-0.404415579177918, 39.4994561796714],
            [-0.404409393762264, 39.4994158532376],
            [-0.404383328069668, 39.4993479211596],
            [-0.404379458332878, 39.4992972412905],
            [-0.404423969661921, 39.4991851301514],
            [-0.404468291731975, 39.4990393578852],
            [-0.404484916460675, 39.4989932168196],
            [-0.404500565690294, 39.4989289192441],
            [-0.404509379804429, 39.4988714327846],
            [-0.404526175207274, 39.4988278900585],
            [-0.404535945557874, 39.4987756410521],
            [-0.40456789032501, 39.4986818523058],
            [-0.404571258197216, 39.4986529101876],
            [-0.404588155985928, 39.4986116129288],
            [-0.404611883631931, 39.4985620810338],
            [-0.404632148209102, 39.4985224895656],
            [-0.404656781048836, 39.4984798786216],
            [-0.404679151351455, 39.4984477574321],
            [-0.404754325658901, 39.4983378174997],
            [-0.404792622036914, 39.4982895659034],
            [-0.404824492039369, 39.4982590171948],
            [-0.404854901136656, 39.4982352284843],
            [-0.404874470601842, 39.498205873461],
            [-0.404901157326452, 39.4981843078519],
            [-0.404952141654275, 39.4981641317366],
            [-0.405001345320024, 39.498148996794],
            [-0.405040612439972, 39.4981318381519],
            [-0.405083894042418, 39.4981052288305],
            [-0.405108201995843, 39.4980832136596],
            [-0.405125399894094, 39.4980616522948],
            [-0.405209894250806, 39.4981024753051],
            [-0.405632486642428, 39.4982965112877],
            [-0.405962800871357, 39.4984489459797],
            [-0.406200134655363, 39.4985289183387],
            [-0.406633865175654, 39.4987619192003],
            [-0.406704082866774, 39.4987964586535],
            [-0.406772039946491, 39.498728868852],
            [-0.406927253051787, 39.4985506253182],
            [-0.40711072428755, 39.4983497964776],
            [-0.407395078911973, 39.4985155975649],
            [-0.407703673543459, 39.4986947042564],
            [-0.407946636873081, 39.4985153540684],
            [-0.408135397213039, 39.4983507848975],
            [-0.408182933367422, 39.4983004049865],
            [-0.408209815486822, 39.4982748070192],
            [-0.40824185480868, 39.4982484232012],
            [-0.408306970348432, 39.498172444953],
            [-0.408327762130275, 39.4981448913303],
            [-0.408351512707499, 39.4982088791258],
            [-0.408371142010915, 39.4982576672229],
            [-0.408405227381752, 39.4983176603925],
            [-0.408426921504176, 39.4983512516338],
            [-0.408468559104868, 39.4983957649353],
            [-0.408603902584313, 39.4985133485603],
            [-0.408759086630593, 39.4986402571914],
            [-0.40887582297803, 39.4987322549286],
            [-0.409158883878531, 39.4989067434186],
            [-0.4092056924346, 39.4987923663146],
            [-0.409305921583956, 39.4986407217122],
            [-0.409382576777512, 39.4985508292983],
            [-0.409419509096329, 39.4985113563439],
            [-0.409459219816821, 39.4984609455683],
            [-0.409524437595149, 39.4983771762871],
            [-0.40956169848437, 39.4983285396432],
            [-0.409652751871557, 39.4982382473359],
            [-0.409707420347845, 39.4981614227808],
            [-0.409753810080135, 39.4981221515417],
            [-0.409810122102381, 39.4980737052876],
            [-0.409892288304869, 39.4980075925031],
            [-0.409978967886215, 39.4979483188552],
            [-0.41005832122407, 39.4978868638635],
            [-0.410104709186246, 39.4978413673516],
            [-0.410157343121793, 39.4977936317133],
            [-0.410212141949109, 39.4977292419694],
            [-0.410272213366844, 39.4976888250451],
            [-0.410333464057743, 39.4976579837111],
            [-0.410438550583156, 39.4976090296495],
            [-0.410491876857779, 39.4975839754515],
            [-0.41062416892005, 39.4975714555718],
            [-0.410714358868267, 39.4975654295906],
            [-0.410781891530001, 39.4975642588895],
            [-0.410851243303203, 39.4975604440592],
            [-0.410897424577072, 39.4975778151082],
            [-0.410908752446106, 39.4975934185407],
            [-0.410915131700931, 39.4976298752065],
            [-0.410935857883767, 39.4976322469108],
            [-0.410976467011258, 39.4976236835224],
            [-0.411028148523243, 39.49760440311],
            [-0.411045677323147, 39.4975929831312],
            [-0.411073362223058, 39.4975779877245],
            [-0.411101051627167, 39.497559424922],
            [-0.411119510881443, 39.4975479986369],
            [-0.411157838277231, 39.4975385645429],
            [-0.411205813566868, 39.4975364263205],
            [-0.41126394540456, 39.4975357125366],
            [-0.411297173455512, 39.4975392906225],
            [-0.411356217227628, 39.4975578669584],
            [-0.411392910962039, 39.4975780353811],
            [-0.411450428015099, 39.4976026586044],
            [-0.41154275576688, 39.4976543269932],
            [-0.411634478230919, 39.4977000630363],
            [-0.411693194567113, 39.4977343612945],
            [-0.411722749336454, 39.4977576497931],
            [-0.411750884532278, 39.4977872308485],
            [-0.411786998461825, 39.4977907559656],
            [-0.41182933528097, 39.497788590985],
            [-0.411901825843077, 39.4977851157092],
            [-0.411964164357065, 39.4977791530517],
            [-0.412018684256149, 39.49776735868],
            [-0.412072157865317, 39.4977640182711],
            [-0.412124910790797, 39.497760670795],
            [-0.412171266675917, 39.4977611266799],
            [-0.412224782026279, 39.4977566610286],
            [-0.412264561795492, 39.4977513308987],
            [-0.412332828184411, 39.4977432388512],
            [-0.412391068715303, 39.4977264371848],
            [-0.412425725342505, 39.49771815513],
            [-0.412439011325395, 39.4977254958977]
          ]
        ]
      },
      "properties": {
        "objectid": 121,
        "codbarrio": "2",
        "nombre": "BENIFERRI",
        "coddistbar": "182",
        "coddistrit": "18",
        "gis.gis.BARRIOS.area": null
      }
    },
    {
      "type": "Feature",
      "id": 266,
      "geometry": {
        "type": "Polygon",
        "coordinates": [
          [
            [-0.329905360590557, 39.364488570531],
            [-0.33098463892752, 39.3643791411354],
            [-0.332419517801879, 39.3681329135278],
            [-0.334275970115698, 39.3682539245754],
            [-0.337012502786938, 39.3730187539989],
            [-0.343170247431523, 39.370818732333],
            [-0.341162074306077, 39.366826569817],
            [-0.343756152675977, 39.3659363606342],
            [-0.344114282304336, 39.3666022514651],
            [-0.347090451134941, 39.369953515754],
            [-0.351735580299344, 39.3680023852715],
            [-0.351355679736004, 39.3674101644876],
            [-0.352476924573039, 39.3666570853419],
            [-0.353457032804244, 39.3658451712541],
            [-0.35391016325922, 39.3654466500041],
            [-0.357825575807117, 39.3644065080421],
            [-0.360992742089848, 39.3638788079319],
            [-0.360655652939218, 39.3623957964353],
            [-0.3636161310722, 39.359753679031],
            [-0.370206339861813, 39.362497772826],
            [-0.371937293777604, 39.3589900160175],
            [-0.375146278056673, 39.3580271353765],
            [-0.377188112565726, 39.3578212212739],
            [-0.378277838423794, 39.3575989019099],
            [-0.379116428955781, 39.3569747809397],
            [-0.380071436048443, 39.3565272119321],
            [-0.380733961329528, 39.3562458577356],
            [-0.381578412523176, 39.3562031616259],
            [-0.382622961649343, 39.3554860034986],
            [-0.382732147658277, 39.3545051250152],
            [-0.385166114496683, 39.3532019899525],
            [-0.385294817907038, 39.3524085550056],
            [-0.386271126284722, 39.3518132872143],
            [-0.385886286417725, 39.3506195908438],
            [-0.386251883741808, 39.3493439948069],
            [-0.386121022488577, 39.3481867808703],
            [-0.386432743863009, 39.3475025103475],
            [-0.386594423619215, 39.3463228880876],
            [-0.386736244387376, 39.3435510789048],
            [-0.388223373473443, 39.3429718088366],
            [-0.387997344579888, 39.3406097699928],
            [-0.389575145640145, 39.3400150042534],
            [-0.390503314778749, 39.3399133001439],
            [-0.390941729410818, 39.3396430459189],
            [-0.390795104031274, 39.3393421723057],
            [-0.390694838825981, 39.3390073386331],
            [-0.391052250589742, 39.3384902134662],
            [-0.393062133229047, 39.3380368103797],
            [-0.394351771255054, 39.3367003232839],
            [-0.39461905458477, 39.336181167539],
            [-0.392432542213321, 39.335598956983],
            [-0.392798396555755, 39.3348544571314],
            [-0.396828944355311, 39.3355923943359],
            [-0.397634061692109, 39.3342451778866],
            [-0.397807308144685, 39.3338289462618],
            [-0.396804057475897, 39.3335264086286],
            [-0.396563437366152, 39.3333284741818],
            [-0.396321695582942, 39.3325528574204],
            [-0.396292881896057, 39.3321145825168],
            [-0.398735919478907, 39.3318891603702],
            [-0.398423199140703, 39.3293162773356],
            [-0.396729375907612, 39.3294009140998],
            [-0.394436267926971, 39.323211930382],
            [-0.391702647871137, 39.3230673634564],
            [-0.390695985094981, 39.3149086216976],
            [-0.389976396715284, 39.3149482634136],
            [-0.385080193054852, 39.3162606165598],
            [-0.384761396920098, 39.3175031243774],
            [-0.381559484116495, 39.3167060101137],
            [-0.376803693351246, 39.3123319771013],
            [-0.380010562604834, 39.3110656048709],
            [-0.377429249554464, 39.3100034719896],
            [-0.376038091614673, 39.3075621249644],
            [-0.375407896390661, 39.3073133244119],
            [-0.367850927300773, 39.3077420178336],
            [-0.367393618696726, 39.3071869421904],
            [-0.367574195673585, 39.3066215342682],
            [-0.364587150458967, 39.3049730568644],
            [-0.363166054195121, 39.3062799607393],
            [-0.361462115985988, 39.3057494114905],
            [-0.360725232321966, 39.3066345405953],
            [-0.359066416658288, 39.3068189140896],
            [-0.356005621865499, 39.3123890412846],
            [-0.352457794904655, 39.3113087560952],
            [-0.349678507663859, 39.3110661400262],
            [-0.347487833555089, 39.3152880302424],
            [-0.337089920891731, 39.3161822265089],
            [-0.336978421803572, 39.3146496964579],
            [-0.335790549313465, 39.3146710471773],
            [-0.334193877883492, 39.3172306527475],
            [-0.333005230059944, 39.3156263144428],
            [-0.330556247408422, 39.3139684740685],
            [-0.329306086388796, 39.3131633732495],
            [-0.32890589804294, 39.3130086010857],
            [-0.328344097740312, 39.3129957093191],
            [-0.32295251111667, 39.3139390305895],
            [-0.322546785452276, 39.3139297022266],
            [-0.322011290333884, 39.3138010801428],
            [-0.321563398156621, 39.3131883968559],
            [-0.321117705673074, 39.3123216391682],
            [-0.320638595243903, 39.3119825368272],
            [-0.320041745645193, 39.31182357411],
            [-0.318476695765031, 39.311792905886],
            [-0.318476218053018, 39.3106932674723],
            [-0.318565575263288, 39.3090058681291],
            [-0.318660896846169, 39.3085534754799],
            [-0.31859011056684, 39.307452783611],
            [-0.318524550089678, 39.306590596901],
            [-0.318485034473303, 39.3056907765567],
            [-0.318365904189723, 39.3049421194138],
            [-0.318334428715568, 39.3038321079394],
            [-0.318247721302561, 39.3035240853445],
            [-0.318141503713922, 39.3030817404119],
            [-0.317721859153598, 39.303110317895],
            [-0.316706759408245, 39.3032590611422],
            [-0.316263596028857, 39.3033908375539],
            [-0.315834270663629, 39.3036155882051],
            [-0.31553301348228, 39.3038768235889],
            [-0.315163981260813, 39.3039353520886],
            [-0.31473378857278, 39.3039002885646],
            [-0.314000309219434, 39.3036151792418],
            [-0.31269706712943, 39.3035599662611],
            [-0.312297768765119, 39.3034652206532],
            [-0.311558017872475, 39.3030626281498],
            [-0.310397725744732, 39.302373763039],
            [-0.309098068996175, 39.30144764781],
            [-0.307757668948404, 39.3005187376649],
            [-0.30646332101631, 39.2998260379912],
            [-0.305467328215123, 39.2992471431965],
            [-0.30550639859287, 39.2992862458307],
            [-0.308569618738682, 39.3050327422029],
            [-0.310112236278241, 39.3097890570459],
            [-0.311109622624711, 39.3122084723913],
            [-0.311805592433439, 39.3129993220779],
            [-0.31193891991544, 39.3142681438607],
            [-0.305660694939546, 39.3122220362624],
            [-0.301311942946929, 39.3102023418974],
            [-0.299456577105533, 39.3101052330901],
            [-0.299133511751057, 39.311494100559],
            [-0.300688211075803, 39.3131337663684],
            [-0.304274185020665, 39.3157303888936],
            [-0.310491816743174, 39.3247345093011],
            [-0.311661344832047, 39.3277749969027],
            [-0.312257086442348, 39.330995915395],
            [-0.319103755982515, 39.3400861345421],
            [-0.321028580629865, 39.3394683414139],
            [-0.323206570278269, 39.3483786347764],
            [-0.326259717374043, 39.3579351135758],
            [-0.329322773941305, 39.3578928933022],
            [-0.329530703693903, 39.3618750462807],
            [-0.329905360590557, 39.364488570531]
          ]
        ]
      },
      "properties": {
        "objectid": 266,
        "codbarrio": "5",
        "nombre": "EL PALMAR",
        "coddistbar": "195",
        "coddistrit": "19",
        "gis.gis.BARRIOS.area": null
      }
    },
    {
      "type": "Feature",
      "id": 267,
      "geometry": {
        "type": "Polygon",
        "coordinates": [
          [
            [-0.337602751326299, 39.3852873648099],
            [-0.337551423553832, 39.3852526495937],
            [-0.337440783765814, 39.3851510908967],
            [-0.337221571357833, 39.3847773299192],
            [-0.337001786141748, 39.3844131948821],
            [-0.336753458599891, 39.3839943706301],
            [-0.336535541902335, 39.3835815396612],
            [-0.3363351514063, 39.383166109833],
            [-0.336086843193856, 39.3827472936296],
            [-0.335826995353212, 39.3823740315051],
            [-0.335662290312782, 39.3820731999023],
            [-0.335441995073715, 39.381613358296],
            [-0.335161637316473, 39.3811066090768],
            [-0.335025654059372, 39.3808610734811],
            [-0.334806089408488, 39.3804975339967],
            [-0.334598394636981, 39.3801387706156],
            [-0.334424116587281, 39.3798582309941],
            [-0.334254748070753, 39.3796802162584],
            [-0.334151114379325, 39.3795105280455],
            [-0.334018124285516, 39.3791865297782],
            [-0.333930722360171, 39.3789301790313],
            [-0.333833303904271, 39.378712841097],
            [-0.333735798125079, 39.3783776743399],
            [-0.333624431885992, 39.3779483264659],
            [-0.333526065904982, 39.3776312295669],
            [-0.333428799718084, 39.3772931942071],
            [-0.333339373931451, 39.3769794372381],
            [-0.333238742513626, 39.3766151988684],
            [-0.333110425880931, 39.3761683899583],
            [-0.332997396915571, 39.375894153741],
            [-0.332876332610937, 39.3754816184081],
            [-0.332764106368075, 39.3751872655886],
            [-0.332593365139924, 39.3746985107082],
            [-0.332449115377076, 39.3743081723994],
            [-0.332312005314308, 39.373861151841],
            [-0.332100542552358, 39.3732275726155],
            [-0.331926241596003, 39.3727526627471],
            [-0.331827137938051, 39.3722264339107],
            [-0.331716567259122, 39.3718068769507],
            [-0.331643664325987, 39.3714372374395],
            [-0.331476319590827, 39.3708237681335],
            [-0.331342982974203, 39.3703791572428],
            [-0.331232429794814, 39.369959582166],
            [-0.33110745567997, 39.369493568677],
            [-0.330971874384433, 39.3689002146367],
            [-0.330802980024786, 39.3682302141721],
            [-0.330666099723849, 39.3676281183478],
            [-0.330499497894156, 39.3671000505288],
            [-0.330367965183942, 39.3665858684015],
            [-0.330242564979548, 39.3661492850711],
            [-0.330105017404146, 39.3655579027484],
            [-0.32999424668234, 39.3649701710187],
            [-0.329905360590557, 39.364488570531],
            [-0.329530703693903, 39.3618750462807],
            [-0.329322773941305, 39.3578928933022],
            [-0.326259717374043, 39.3579351135758],
            [-0.323206570278269, 39.3483786347764],
            [-0.321028580629865, 39.3394683414139],
            [-0.319103755982515, 39.3400861345421],
            [-0.312257086442348, 39.330995915395],
            [-0.311661344832047, 39.3277749969027],
            [-0.310491816743174, 39.3247345093011],
            [-0.304274185020665, 39.3157303888936],
            [-0.300688211075803, 39.3131337663684],
            [-0.299133511751057, 39.311494100559],
            [-0.299456577105533, 39.3101052330901],
            [-0.292066720863811, 39.3082622957527],
            [-0.300702124366962, 39.3247554908017],
            [-0.306088847969795, 39.3366728935476],
            [-0.312392686787394, 39.3507958289077],
            [-0.317030071092958, 39.3638529985333],
            [-0.319177753352249, 39.3688573467369],
            [-0.323065896525225, 39.3801087777396],
            [-0.326417350037898, 39.3895774747284],
            [-0.328092287312977, 39.3976606121229],
            [-0.328767836468196, 39.3924016320204],
            [-0.329331241947232, 39.3917479395127],
            [-0.329946901572105, 39.3911314884029],
            [-0.33089673358263, 39.3914550834273],
            [-0.330808944253272, 39.3903900532022],
            [-0.33137271164899, 39.3890607231101],
            [-0.331798531783456, 39.3868949160202],
            [-0.332045260706019, 39.3848961292153],
            [-0.334409651949437, 39.3851305423106],
            [-0.334462537490834, 39.3835326940484],
            [-0.335256085523381, 39.3834427765815],
            [-0.336081427457992, 39.3856057843748],
            [-0.337514429315529, 39.3853007745906],
            [-0.337602751326299, 39.3852873648099]
          ]
        ]
      },
      "properties": {
        "objectid": 267,
        "codbarrio": "4",
        "nombre": "EL SALER",
        "coddistbar": "194",
        "coddistrit": "19",
        "gis.gis.BARRIOS.area": null
      }
    },
    {
      "type": "Feature",
      "id": 265,
      "geometry": {
        "type": "Polygon",
        "coordinates": [
          [
            [-0.31193891991544, 39.3142681438607],
            [-0.311805592433439, 39.3129993220779],
            [-0.311109622624711, 39.3122084723913],
            [-0.310112236278241, 39.3097890570459],
            [-0.308569618738682, 39.3050327422029],
            [-0.30550639859287, 39.2992862458307],
            [-0.305467328215123, 39.2992471431965],
            [-0.303892719378786, 39.2968481961233],
            [-0.30310891939881, 39.2957610874833],
            [-0.302249228572421, 39.2945011889325],
            [-0.300669429432348, 39.2926473607815],
            [-0.298654901542809, 39.2903131181848],
            [-0.296162540125127, 39.2875636257784],
            [-0.294513902011103, 39.2858647809336],
            [-0.293356467582917, 39.2844382296219],
            [-0.292823449872903, 39.2838875201596],
            [-0.291595049482836, 39.2835923593051],
            [-0.29125412306366, 39.2835444774795],
            [-0.291688671721118, 39.2829419786454],
            [-0.290570343517899, 39.2826096579473],
            [-0.288186302597588, 39.2817684076157],
            [-0.286733217330144, 39.2813161591792],
            [-0.286020243563529, 39.2811397314819],
            [-0.284575625043779, 39.2808263727816],
            [-0.282935844729563, 39.2802420821709],
            [-0.281415545620955, 39.2797356494495],
            [-0.280132918422762, 39.2794074353507],
            [-0.27878823155687, 39.27913369204],
            [-0.278319379126991, 39.2792438145872],
            [-0.276403107386818, 39.279077355548],
            [-0.276087336349378, 39.2789270918479],
            [-0.275368456900293, 39.2789976377906],
            [-0.275394249104439, 39.2791438253081],
            [-0.280103491828446, 39.2869790945222],
            [-0.285810101055279, 39.2964455335257],
            [-0.292066720863811, 39.3082622957527],
            [-0.299456577105533, 39.3101052330901],
            [-0.301311942946929, 39.3102023418974],
            [-0.305660694939546, 39.3122220362624],
            [-0.31193891991544, 39.3142681438607]
          ]
        ]
      },
      "properties": {
        "objectid": 265,
        "codbarrio": "6",
        "nombre": "EL PERELLONET",
        "coddistbar": "196",
        "coddistrit": "19",
        "gis.gis.BARRIOS.area": null
      }
    },
    {
      "type": "Feature",
      "id": 185,
      "geometry": {
        "type": "Polygon",
        "coordinates": [
          [
            [-0.388886035794183, 39.5002363036757],
            [-0.393126302950637, 39.5043314438674],
            [-0.396745383132454, 39.5017549977127],
            [-0.39677913443333, 39.5017489522911],
            [-0.396746682745724, 39.5016485429724],
            [-0.396760833999144, 39.5015451508838],
            [-0.396828782067065, 39.5014722156431],
            [-0.396856182378995, 39.5013942548968],
            [-0.396887284689073, 39.501296557751],
            [-0.396903188720083, 39.5012384110025],
            [-0.396938424270938, 39.5011221942856],
            [-0.396997057298767, 39.50102246531],
            [-0.397034561997891, 39.5008451387315],
            [-0.39709285327435, 39.5006629626207],
            [-0.397165650139439, 39.5005669471635],
            [-0.397158220175045, 39.5004896654874],
            [-0.397209810966896, 39.5003950848042],
            [-0.397261401276978, 39.5003005130934],
            [-0.397293196526498, 39.5001842191766],
            [-0.397349701294926, 39.5000498755962],
            [-0.397384229736717, 39.4999522550311],
            [-0.397413953775237, 39.4998917601656],
            [-0.397501183369221, 39.4997969055771],
            [-0.397524460775086, 39.4998022736891],
            [-0.397594106134183, 39.4997538979],
            [-0.398053218584379, 39.4998576734048],
            [-0.398263407793082, 39.499913000592],
            [-0.398402931676908, 39.4999533580906],
            [-0.39852179794772, 39.499979217204],
            [-0.398636825352373, 39.5000013777228],
            [-0.398737701711746, 39.5000291310806],
            [-0.398812244310578, 39.5000439797892],
            [-0.398914190558531, 39.5000745406636],
            [-0.399005896708628, 39.5000915752396],
            [-0.399082405825686, 39.5001132514182],
            [-0.399122398194358, 39.500122236543],
            [-0.399155496196951, 39.5001290043137],
            [-0.399190717461106, 39.500115009293],
            [-0.399234868125784, 39.5000221619853],
            [-0.399259370395471, 39.4999401268392],
            [-0.399267133809803, 39.4999087518215],
            [-0.399325014610217, 39.4999117050034],
            [-0.399423219540338, 39.4999272180845],
            [-0.399503476300068, 39.4999357079142],
            [-0.399721730013231, 39.4999572318015],
            [-0.399735161392007, 39.4999425597764],
            [-0.399738922561941, 39.4998993837255],
            [-0.399761126099249, 39.4998799171418],
            [-0.399832054433534, 39.499878180202],
            [-0.400200922085513, 39.4999111725378],
            [-0.40030093415147, 39.4999499589925],
            [-0.400325482436009, 39.4999125091571],
            [-0.400359857171539, 39.4998918913908],
            [-0.400610918184413, 39.4998886797757],
            [-0.401009763528933, 39.4998674045696],
            [-0.401072303614992, 39.4998745150589],
            [-0.401074691113893, 39.499859127388],
            [-0.401117271908918, 39.4997740097987],
            [-0.401131321901764, 39.4997417933032],
            [-0.401142469674595, 39.4997057011704],
            [-0.401166153320883, 39.4996184221811],
            [-0.401169678044962, 39.4995378813091],
            [-0.401172303911746, 39.499459617574],
            [-0.40117180754522, 39.4993265916042],
            [-0.401203523060367, 39.4992069434704],
            [-0.401214756806819, 39.4991248543373],
            [-0.40122988987094, 39.4990510864558],
            [-0.401283121454854, 39.4990121518704],
            [-0.401359755754533, 39.4990033075426],
            [-0.401450647182462, 39.4989778995352],
            [-0.401482225148291, 39.498970840177],
            [-0.398244403513367, 39.4960184610442],
            [-0.397588773735602, 39.495418206773],
            [-0.396951196014577, 39.4958138251166],
            [-0.396641167703411, 39.4955140933606],
            [-0.396031969092708, 39.4958697938501],
            [-0.394004961295894, 39.4970990838939],
            [-0.3914492176531, 39.4987443764566],
            [-0.388886035794183, 39.5002363036757]
          ]
        ]
      },
      "properties": {
        "objectid": 185,
        "codbarrio": "2",
        "nombre": "CIUTAT FALLERA",
        "coddistbar": "162",
        "coddistrit": "16",
        "gis.gis.BARRIOS.area": null
      }
    },
    {
      "type": "Feature",
      "id": 617,
      "geometry": {
        "type": "Polygon",
        "coordinates": [
          [
            [-0.367198413259633, 39.5120260557085],
            [-0.367040423246571, 39.5121942447757],
            [-0.366877181446385, 39.5123767465752],
            [-0.36680796677489, 39.5124636165554],
            [-0.366764536972425, 39.512518153017],
            [-0.366758456254862, 39.5125439603419],
            [-0.366750974219324, 39.512543133119],
            [-0.366645865743551, 39.5127217901849],
            [-0.367824648916572, 39.5133427823469],
            [-0.368848499110367, 39.5139258225253],
            [-0.368896979511822, 39.5139525323205],
            [-0.369094462635263, 39.5142626799682],
            [-0.369330519393426, 39.5146297260556],
            [-0.369552665101366, 39.5149990061698],
            [-0.369717869305128, 39.5152730175916],
            [-0.370145147331675, 39.515852718196],
            [-0.370292469155304, 39.5160557766247],
            [-0.37052130906854, 39.5164054052493],
            [-0.370870690442922, 39.5169845923201],
            [-0.371196695261098, 39.5174056776561],
            [-0.371365999699302, 39.5177779026601],
            [-0.371550723355907, 39.51820702409],
            [-0.371723082866927, 39.5186007314494],
            [-0.371932127495807, 39.5193257627564],
            [-0.372033581005291, 39.5197241987172],
            [-0.372211749811984, 39.5203955416729],
            [-0.372228686168395, 39.520436554141],
            [-0.372248012708117, 39.5205502130162],
            [-0.372294454451144, 39.5206882051985],
            [-0.372298044764828, 39.5208814065434],
            [-0.372339814681569, 39.5211420639937],
            [-0.372420806932605, 39.5215724051198],
            [-0.372553215841698, 39.5220270615153],
            [-0.372610256257689, 39.5226428909854],
            [-0.372713449234584, 39.5230074297295],
            [-0.372871307099192, 39.523332070764],
            [-0.373008231073325, 39.5236479952139],
            [-0.373195778747922, 39.5240309180033],
            [-0.373364264306467, 39.5243557896737],
            [-0.373549036806017, 39.5248127369133],
            [-0.373661929772114, 39.5252022050346],
            [-0.373704285762917, 39.5256351220059],
            [-0.373817152370054, 39.5261740891531],
            [-0.373884314452925, 39.5265288305515],
            [-0.373965756216435, 39.5267602859962],
            [-0.374021579468186, 39.5270405931429],
            [-0.373673648811182, 39.526957018255],
            [-0.373308380116227, 39.5268674288525],
            [-0.37329853875162, 39.5268816202831],
            [-0.373163632436357, 39.5268467509686],
            [-0.372818902114371, 39.5267702907242],
            [-0.372591084509687, 39.5267178424854],
            [-0.372351578990426, 39.5266610034326],
            [-0.372156815237631, 39.526615536042],
            [-0.372042077828502, 39.5265875448955],
            [-0.372038797933576, 39.5265933894274],
            [-0.371879731051534, 39.5265384861962],
            [-0.371706218793954, 39.5264829045818],
            [-0.37137195427152, 39.5263745697744],
            [-0.371145382070353, 39.5262981206395],
            [-0.370896651185548, 39.5262102329851],
            [-0.370870335732643, 39.5262451227613],
            [-0.370835771964907, 39.5263330493729],
            [-0.370786783681643, 39.5264601167072],
            [-0.370780918865017, 39.5265452424986],
            [-0.370805436329972, 39.5266282812454],
            [-0.370826278315212, 39.5267384341271],
            [-0.370937940216366, 39.5267723927119],
            [-0.371258168771104, 39.5268652134465],
            [-0.371556202321193, 39.5269515673391],
            [-0.371866709570355, 39.5270452565044],
            [-0.371992086253905, 39.5270900465497],
            [-0.372067877950298, 39.5271322102993],
            [-0.372163934393135, 39.5271811565385],
            [-0.37226273997959, 39.5272124267132],
            [-0.372486493941548, 39.5272545227605],
            [-0.372794506693975, 39.5273431712202],
            [-0.373607430547143, 39.5275548264834],
            [-0.374376378236501, 39.5278179399397],
            [-0.374510855762835, 39.5279349397182],
            [-0.374618746993185, 39.5280394199486],
            [-0.374716783000523, 39.5281248221],
            [-0.374860610218643, 39.5281536481868],
            [-0.375081833203748, 39.5282062312902],
            [-0.37530948844989, 39.5282279692951],
            [-0.375535935114212, 39.5282320765014],
            [-0.375852576650769, 39.5282567877517],
            [-0.376032528379607, 39.528269167708],
            [-0.376217935747107, 39.528282175098],
            [-0.376301111437848, 39.5282899274035],
            [-0.376389584132582, 39.5283080782388],
            [-0.376671733456589, 39.5273748129979],
            [-0.376752654054315, 39.5268090904938],
            [-0.377819942839336, 39.526828682362],
            [-0.378708382750556, 39.5268487332281],
            [-0.378757284787486, 39.5260705814101],
            [-0.379077351309341, 39.5259696982429],
            [-0.37904675873446, 39.5257392853434],
            [-0.378753762910819, 39.5256425871617],
            [-0.37869303328227, 39.5251502408972],
            [-0.378704547282749, 39.5248442037776],
            [-0.3787588981101, 39.5244625589838],
            [-0.378570526490332, 39.5231700503756],
            [-0.378453302735916, 39.5231358745387],
            [-0.378392950323958, 39.5221120210836],
            [-0.378358840348766, 39.5214536135482],
            [-0.37826346300532, 39.5208388669903],
            [-0.378925354477841, 39.5205790359591],
            [-0.379366665345651, 39.5204043128071],
            [-0.379775011396985, 39.5200621827421],
            [-0.380025373167197, 39.5197840539284],
            [-0.380530073723989, 39.5194891377941],
            [-0.381493067687266, 39.5196504919134],
            [-0.382098750640511, 39.518776780873],
            [-0.382457824354031, 39.5181587639402],
            [-0.382858017642995, 39.5175101414912],
            [-0.383171095906655, 39.5170712609126],
            [-0.383673585424877, 39.5173573451953],
            [-0.384698464692388, 39.5179614859446],
            [-0.385979793344519, 39.5185894149059],
            [-0.386721130541242, 39.5190205048705],
            [-0.386738895287117, 39.5181785771468],
            [-0.386750558408927, 39.517111293223],
            [-0.386899274980627, 39.5162858329296],
            [-0.386977071402, 39.515296619598],
            [-0.38700596876791, 39.5147972835418],
            [-0.386875570389461, 39.5139520317898],
            [-0.386808749061766, 39.5130586526944],
            [-0.386555588155857, 39.5126565726998],
            [-0.38627776956266, 39.5125827571386],
            [-0.385766441876261, 39.5132694311903],
            [-0.384292016948763, 39.5129659727546],
            [-0.384082562020911, 39.5129882830407],
            [-0.384069218461194, 39.5131501401858],
            [-0.383034343112941, 39.5128340492628],
            [-0.38309890020957, 39.5127409114998],
            [-0.381750856038921, 39.5123051363139],
            [-0.38175592753214, 39.5121701193104],
            [-0.380566244641423, 39.5117378992901],
            [-0.380679936094563, 39.5115557831577],
            [-0.380694072162605, 39.5112182736363],
            [-0.381278198916044, 39.5101233647147],
            [-0.381415244111591, 39.5101129405185],
            [-0.381503955285991, 39.5099572867212],
            [-0.380155677733654, 39.5096070804214],
            [-0.380318435176785, 39.5092413915071],
            [-0.380640585069776, 39.5093342381594],
            [-0.381031578869285, 39.5080007479412],
            [-0.38106597716898, 39.5077042343419],
            [-0.380801750922557, 39.5076757470556],
            [-0.381051713264733, 39.5070777951139],
            [-0.380690073966612, 39.5070110856832],
            [-0.380847548433113, 39.5061858299896],
            [-0.3811275293871, 39.5056786420158],
            [-0.381160880234904, 39.5053325564833],
            [-0.381342621661488, 39.5044222635706],
            [-0.381711207015657, 39.5040522023891],
            [-0.381903742177967, 39.5037637562891],
            [-0.381716958168925, 39.503705494606],
            [-0.381464227811675, 39.503370979089],
            [-0.381100754693139, 39.5031600805556],
            [-0.380871076305115, 39.5034116529772],
            [-0.379725620626759, 39.5028317868979],
            [-0.378940326119888, 39.5036338711335],
            [-0.378550973369718, 39.50391787162],
            [-0.378372102132189, 39.5042291422084],
            [-0.377132685517834, 39.504543492756],
            [-0.376447377852528, 39.5048117956763],
            [-0.375821721969112, 39.5045183946878],
            [-0.375667622319311, 39.5045959928278],
            [-0.375412197099653, 39.5045271618109],
            [-0.374175823431035, 39.5051073074567],
            [-0.372938049908779, 39.5054351720363],
            [-0.373254241168622, 39.5060323941888],
            [-0.372979840668754, 39.5064090618361],
            [-0.372761117330391, 39.5064851947837],
            [-0.372787570320863, 39.5068821778535],
            [-0.373077905972165, 39.5072400929622],
            [-0.372624521041296, 39.5085856571119],
            [-0.372270671665427, 39.5094616014121],
            [-0.372257127863326, 39.5094926274914],
            [-0.37224849419157, 39.509512485679],
            [-0.372234892181007, 39.5095444383393],
            [-0.372183979924357, 39.5096072758974],
            [-0.372092303926929, 39.5097080731279],
            [-0.372041694695827, 39.5097613231626],
            [-0.371987714734034, 39.509796317285],
            [-0.37190143617651, 39.5098353734133],
            [-0.371812288185656, 39.5098570677795],
            [-0.371620407916389, 39.5098955274985],
            [-0.37127299192848, 39.5099696378042],
            [-0.370986638313614, 39.5100352822929],
            [-0.370810837525623, 39.5100732306723],
            [-0.370670853156295, 39.5100964853279],
            [-0.370546427111693, 39.5101093264959],
            [-0.370160825196403, 39.5101292374504],
            [-0.370026301115232, 39.5101418494794],
            [-0.369952447641828, 39.5101548618707],
            [-0.369885714202393, 39.5101807557404],
            [-0.369823433615613, 39.5102224075673],
            [-0.36973059792409, 39.5102872497724],
            [-0.369659177104828, 39.5103384240138],
            [-0.36956835613307, 39.5103914742162],
            [-0.369371363305423, 39.5104802813792],
            [-0.369245905221836, 39.5105417089227],
            [-0.369169018234018, 39.5105780748358],
            [-0.369130555857736, 39.510606464245],
            [-0.36905579892651, 39.5106680487287],
            [-0.369002974495443, 39.5107306073116],
            [-0.368944252680051, 39.5108307789223],
            [-0.368909991952894, 39.5108871184225],
            [-0.368839216091746, 39.5109088481785],
            [-0.368695552952113, 39.5109484670602],
            [-0.368605473978722, 39.5109790474868],
            [-0.368501606943279, 39.5110131802861],
            [-0.36839813028495, 39.5110637717857],
            [-0.368222738004371, 39.5111483997066],
            [-0.368065891258284, 39.5112186641575],
            [-0.368110047398894, 39.5112834553261],
            [-0.368047628679059, 39.5113086891263],
            [-0.367995771399828, 39.5113243426387],
            [-0.36789953803863, 39.5113549542463],
            [-0.3677991526663, 39.5113803277153],
            [-0.367733055373543, 39.5114028744756],
            [-0.367665400913326, 39.5114253859159],
            [-0.367618157680526, 39.5114423509713],
            [-0.367545213418913, 39.5115159301124],
            [-0.367488710974638, 39.5115723507683],
            [-0.367419241667112, 39.5116429095612],
            [-0.36734414352959, 39.5118215446594],
            [-0.367198413259633, 39.5120260557085]
          ]
        ]
      },
      "properties": {
        "objectid": 617,
        "codbarrio": "3",
        "nombre": "CARPESA",
        "coddistbar": "173",
        "coddistrit": "17",
        "gis.gis.BARRIOS.area": null
      }
    },
    {
      "type": "Feature",
      "id": 618,
      "geometry": {
        "type": "Polygon",
        "coordinates": [
          [
            [-0.38787803651138, 39.5205644979344],
            [-0.388098498592214, 39.5206370204099],
            [-0.388289588073849, 39.5206593340061],
            [-0.388450844402344, 39.5206629591426],
            [-0.388498371300232, 39.5207135756681],
            [-0.388467602331079, 39.5208750415257],
            [-0.388353447139525, 39.5209535540498],
            [-0.388178317646464, 39.5209901562517],
            [-0.388118970768226, 39.5212545801348],
            [-0.388008252217008, 39.5213962308229],
            [-0.388167991996007, 39.5214403616502],
            [-0.388190315905957, 39.5215039247982],
            [-0.388117433191217, 39.5217995749656],
            [-0.38807448855209, 39.5219562625599],
            [-0.388100994086343, 39.5220829809864],
            [-0.387920296224715, 39.5227725918701],
            [-0.387875388946793, 39.5231364364383],
            [-0.387913067805673, 39.5232949457492],
            [-0.389169965652809, 39.5236475151681],
            [-0.389079254728733, 39.5237400683481],
            [-0.388973670937445, 39.524093540883],
            [-0.388820142378053, 39.5242522475558],
            [-0.389007765330667, 39.5243285346365],
            [-0.38940453978481, 39.5243915042085],
            [-0.389288473305298, 39.5249474472723],
            [-0.389208201718621, 39.525576255588],
            [-0.389738600855024, 39.5256242096067],
            [-0.389765750109855, 39.5254041053143],
            [-0.39087638095749, 39.5254695944282],
            [-0.390911121703787, 39.5255514534337],
            [-0.39140897109648, 39.5254590421537],
            [-0.391982932209484, 39.525372832832],
            [-0.392774227136283, 39.5263950706035],
            [-0.393870114991364, 39.5273533820406],
            [-0.394044344273199, 39.5274090008322],
            [-0.394152547167797, 39.5272561802475],
            [-0.394195858694407, 39.5271590915289],
            [-0.394234038317808, 39.5271174086162],
            [-0.394268932480758, 39.5270410223524],
            [-0.394331815732846, 39.5269123734943],
            [-0.394375336325478, 39.5268093706382],
            [-0.394419889119688, 39.5267316424482],
            [-0.394492305479185, 39.5266485483656],
            [-0.394584326083106, 39.526547642185],
            [-0.39473041959084, 39.526383175675],
            [-0.394795138108556, 39.5263164668442],
            [-0.394853284057173, 39.5262631327217],
            [-0.394950373910491, 39.5263548479778],
            [-0.395019297954597, 39.5264217520686],
            [-0.395107790742257, 39.5265106889011],
            [-0.395232099355284, 39.5266049691588],
            [-0.395376520963193, 39.5267362938011],
            [-0.395511250952038, 39.5268648695219],
            [-0.39557255387736, 39.5269234404937],
            [-0.395622195538525, 39.5269687683857],
            [-0.395706593979828, 39.527053063558],
            [-0.395772058867656, 39.5271086016927],
            [-0.395776500771353, 39.5271117642464],
            [-0.396197261618133, 39.5266069942631],
            [-0.396452784308312, 39.5263064235721],
            [-0.396702191134569, 39.5261498553338],
            [-0.39689437696001, 39.526018147768],
            [-0.396952201705164, 39.5259646432161],
            [-0.39703037919579, 39.5259075227157],
            [-0.397072432817377, 39.5258610969457],
            [-0.397099540782024, 39.5258401373677],
            [-0.397144030845731, 39.5257973066033],
            [-0.397193200733895, 39.5257235545125],
            [-0.397317281697164, 39.5255552311758],
            [-0.397431926566988, 39.5254392624032],
            [-0.397491757435058, 39.5253672174433],
            [-0.397471311523642, 39.5253331567294],
            [-0.397447349300759, 39.5253016748198],
            [-0.397387846023388, 39.5252416316717],
            [-0.397312680001123, 39.5251736341916],
            [-0.397250805431923, 39.5251474918583],
            [-0.397119444877073, 39.5250769379586],
            [-0.397025313157497, 39.5250290012683],
            [-0.3969718686573, 39.5249961109334],
            [-0.39691356271926, 39.5249591477877],
            [-0.396843591973846, 39.5248953383811],
            [-0.396789421961802, 39.5248463780991],
            [-0.396738845895607, 39.5247930750289],
            [-0.396658827270835, 39.5247341843499],
            [-0.396578417300158, 39.5246723840263],
            [-0.396418477565938, 39.5245597936266],
            [-0.396307995348877, 39.5244663109969],
            [-0.396204794078937, 39.5243685050949],
            [-0.3960768923306, 39.5242384616501],
            [-0.395899369600213, 39.5240591719703],
            [-0.39576098983371, 39.5239085425219],
            [-0.395630783677677, 39.5237944464899],
            [-0.395543561177107, 39.5237126734679],
            [-0.395592501020508, 39.5236593937868],
            [-0.395859845092268, 39.5233924306301],
            [-0.396254751601027, 39.5230132750815],
            [-0.396325640239074, 39.5230552591638],
            [-0.396478720627325, 39.5231175351765],
            [-0.396582970619601, 39.5231595280437],
            [-0.396717789876121, 39.5232239529961],
            [-0.396848960325245, 39.5232696028544],
            [-0.396948247931908, 39.5233114842005],
            [-0.397016333997982, 39.5233475493748],
            [-0.397112130009114, 39.5233944693239],
            [-0.397228613766649, 39.5234188263063],
            [-0.397327567620894, 39.5234696545618],
            [-0.39745427309318, 39.5235364553771],
            [-0.397545680016507, 39.5235679167079],
            [-0.397649058356683, 39.5236491672988],
            [-0.397689808168573, 39.5237089253561],
            [-0.397744330124672, 39.5237101466735],
            [-0.39786448063019, 39.5236799470241],
            [-0.397936096349496, 39.5237106043913],
            [-0.398135366687287, 39.5235200729491],
            [-0.398314703388916, 39.5233702107212],
            [-0.39821485317165, 39.5233374528203],
            [-0.398234833481359, 39.5232955050658],
            [-0.39829532231929, 39.5232035830305],
            [-0.398326778026867, 39.5230888852433],
            [-0.398343386456903, 39.5229593508336],
            [-0.398373018191733, 39.5227857038797],
            [-0.398418894387687, 39.5226639237954],
            [-0.398435273620008, 39.5225832027176],
            [-0.398466065446412, 39.5225557488925],
            [-0.398524610982235, 39.5224931067255],
            [-0.398570493512571, 39.5224378203979],
            [-0.398580721145971, 39.5224037800871],
            [-0.398627803105008, 39.5223528177739],
            [-0.398703960668927, 39.5221689335535],
            [-0.398738648599881, 39.5220177864706],
            [-0.398772036075773, 39.5219201673593],
            [-0.398867359220291, 39.5219367337521],
            [-0.399071638350258, 39.5216146045746],
            [-0.399178420265491, 39.5214260634329],
            [-0.399258263943294, 39.5212558555497],
            [-0.399361533226151, 39.521067902231],
            [-0.399478410680959, 39.5208737310803],
            [-0.399537394655396, 39.5208457188687],
            [-0.399657740466421, 39.5206433641194],
            [-0.399721482188669, 39.5205757476574],
            [-0.399784144003264, 39.5204678648224],
            [-0.399903498949248, 39.5202739468488],
            [-0.400030184617372, 39.5200266266639],
            [-0.400132051228912, 39.519868054825],
            [-0.400227198998829, 39.5197464576705],
            [-0.400325112467108, 39.5195560142434],
            [-0.400497764517526, 39.5192908937603],
            [-0.400607026691923, 39.5190768127453],
            [-0.400692396716963, 39.5189276007276],
            [-0.400790512897083, 39.5187762504543],
            [-0.400932116279003, 39.5185438841639],
            [-0.401057393204597, 39.5183428813425],
            [-0.401118308042641, 39.5182592733056],
            [-0.401139620661704, 39.5182045893613],
            [-0.401181860080006, 39.5180534751846],
            [-0.401238691186799, 39.5178728773641],
            [-0.401306927335429, 39.5176471844593],
            [-0.401337350966873, 39.5176061183345],
            [-0.401392974501022, 39.5174591321685],
            [-0.40142330130005, 39.5173688759481],
            [-0.401447344397817, 39.5173077036307],
            [-0.40148188040123, 39.5171965781231],
            [-0.401538350745212, 39.5170770875747],
            [-0.401629791745476, 39.5167967347009],
            [-0.401673432109516, 39.5167112535282],
            [-0.401690391328769, 39.5166226261284],
            [-0.401719244073537, 39.5165204092264],
            [-0.401779586163186, 39.5163488263029],
            [-0.401874069747057, 39.5160697934532],
            [-0.401985912322313, 39.5157771760872],
            [-0.402102389029621, 39.5154522576467],
            [-0.40203989941869, 39.5154337435958],
            [-0.401965762983958, 39.5154131582945],
            [-0.401840648664059, 39.5153654065477],
            [-0.401765462893237, 39.515331788979],
            [-0.401598387386678, 39.5152618017845],
            [-0.401487029262595, 39.5152210148134],
            [-0.401358541398605, 39.5151608180473],
            [-0.401221652286346, 39.5150919919902],
            [-0.401072517433881, 39.5150009824904],
            [-0.400971729637024, 39.5149424950177],
            [-0.400877757732384, 39.5148914930873],
            [-0.400725382796692, 39.5148290675773],
            [-0.400603730052296, 39.5147605906955],
            [-0.400456781520349, 39.5146696293329],
            [-0.400362249378408, 39.5146215062722],
            [-0.39903152676825, 39.5139410722555],
            [-0.398600806246902, 39.5140485426838],
            [-0.397729454421459, 39.5140425417727],
            [-0.397829486223446, 39.5144006198487],
            [-0.39763772605147, 39.5144548906522],
            [-0.395203434187124, 39.5145669907463],
            [-0.395227763572366, 39.5143242994672],
            [-0.394567821706886, 39.5143410320339],
            [-0.394121756613915, 39.514294983544],
            [-0.393624392042953, 39.5140270767013],
            [-0.392926998542273, 39.5134123460858],
            [-0.392446473140657, 39.5133745356943],
            [-0.390884082554954, 39.5129926118785],
            [-0.390540692646105, 39.5128452637515],
            [-0.390372109629998, 39.512688328142],
            [-0.388906356567005, 39.5125607939249],
            [-0.388864977530683, 39.5124427500206],
            [-0.387874725661744, 39.5125646299743],
            [-0.387782623062969, 39.5124814712775],
            [-0.386555588155857, 39.5126565726998],
            [-0.386808749061766, 39.5130586526944],
            [-0.386875570389461, 39.5139520317898],
            [-0.38700596876791, 39.5147972835418],
            [-0.386977071402, 39.515296619598],
            [-0.386899274980627, 39.5162858329296],
            [-0.386750558408927, 39.517111293223],
            [-0.386738895287117, 39.5181785771468],
            [-0.386721130878781, 39.5190204958693],
            [-0.386757188231308, 39.5196293976675],
            [-0.387557082859891, 39.5196428836321],
            [-0.38787859083529, 39.5196501220872],
            [-0.38787803651138, 39.5205644979344]
          ]
        ]
      },
      "properties": {
        "objectid": 618,
        "codbarrio": "7",
        "nombre": "BORBOTO",
        "coddistbar": "177",
        "coddistrit": "17",
        "gis.gis.BARRIOS.area": null
      }
    },
    {
      "type": "Feature",
      "id": 5,
      "geometry": {
        "type": "Polygon",
        "coordinates": [
          [
            [-0.376389584132582, 39.5283080782388],
            [-0.376474338266337, 39.5283746209806],
            [-0.376525199288141, 39.5284345245402],
            [-0.376539933705879, 39.5285121882026],
            [-0.376534186141384, 39.5286648103555],
            [-0.376540453491796, 39.5287501474145],
            [-0.376569854811378, 39.5288257189568],
            [-0.37663113822884, 39.5288995601162],
            [-0.376791833055731, 39.5290551301449],
            [-0.376920093215761, 39.5291755272087],
            [-0.377080948984332, 39.5292863811646],
            [-0.377200940617098, 39.5293742859363],
            [-0.37733142160284, 39.5294972191042],
            [-0.377386073396947, 39.529557207878],
            [-0.377432914217782, 39.5296228939739],
            [-0.377459135161674, 39.5296822408498],
            [-0.377460659113852, 39.5297424985857],
            [-0.377450025793733, 39.5298247063841],
            [-0.377436535622293, 39.5299299570641],
            [-0.377429391853489, 39.5300353510191],
            [-0.377421968108166, 39.5300894699962],
            [-0.377425700177815, 39.5301334087268],
            [-0.37746185924317, 39.5301759895104],
            [-0.377533590139118, 39.5302047521768],
            [-0.377694947918088, 39.5302167548824],
            [-0.378038833431999, 39.5302516605479],
            [-0.378334528136671, 39.530277126522],
            [-0.378448266547382, 39.5302734683454],
            [-0.378563737894038, 39.5302865153074],
            [-0.37864494074769, 39.5303071940039],
            [-0.378687902810782, 39.5303390453868],
            [-0.378698537309165, 39.5303819777143],
            [-0.378843661269344, 39.530397225003],
            [-0.378970312157822, 39.530400082705],
            [-0.379281232771296, 39.5304008996075],
            [-0.379463069410014, 39.5304007586596],
            [-0.379884560318698, 39.530407302361],
            [-0.380338430650017, 39.5304153044399],
            [-0.380805816903375, 39.5304258436559],
            [-0.381216296173497, 39.5304644395422],
            [-0.381540184680147, 39.530499712849],
            [-0.381871884728627, 39.5305292786106],
            [-0.382007969374829, 39.5305433182511],
            [-0.382298272735789, 39.530516365964],
            [-0.382874994718334, 39.5304686147327],
            [-0.383195266550813, 39.5304360562744],
            [-0.383461095260426, 39.5304127387926],
            [-0.383778422713011, 39.5303863914847],
            [-0.38420043830131, 39.5303557432636],
            [-0.384669675083861, 39.5303160758724],
            [-0.385138859909129, 39.530295134568],
            [-0.385317034395939, 39.5302859383105],
            [-0.385310802934261, 39.5303391387747],
            [-0.385259377940813, 39.5305788478297],
            [-0.385216629999771, 39.5308402830413],
            [-0.385148960038199, 39.5310735814982],
            [-0.385084722051043, 39.5312938494505],
            [-0.385008382656735, 39.5315017732366],
            [-0.384965945306973, 39.5316414712734],
            [-0.384909808834185, 39.5318225443045],
            [-0.384869720756053, 39.5319278547961],
            [-0.384812068493222, 39.5320845250212],
            [-0.384748859977609, 39.5322252597951],
            [-0.384678594104989, 39.5323934474034],
            [-0.384620169707495, 39.5325722075589],
            [-0.38460177313153, 39.5327046000899],
            [-0.384597214188895, 39.5327851165864],
            [-0.384602656980975, 39.5328167696912],
            [-0.384697942035467, 39.5328318605309],
            [-0.384702498217245, 39.5328183419065],
            [-0.384840955262014, 39.5328464853055],
            [-0.3850510667033, 39.5328894754035],
            [-0.38529795767968, 39.532938545087],
            [-0.385457881654264, 39.5329843055586],
            [-0.385546252219778, 39.5330085010542],
            [-0.385607156527899, 39.5330177814649],
            [-0.385632724136823, 39.5329261344943],
            [-0.385671240149122, 39.5328072122059],
            [-0.385694940649328, 39.5327256309955],
            [-0.385727342571537, 39.5327237296606],
            [-0.38576467042836, 39.5326810935767],
            [-0.385875647771789, 39.5325347307355],
            [-0.385959601941941, 39.5324285962692],
            [-0.386022324977628, 39.5324018013698],
            [-0.386093498569602, 39.5323330357136],
            [-0.386163050086924, 39.5322476574413],
            [-0.386300330814108, 39.5320808055869],
            [-0.386351344741951, 39.5319921363075],
            [-0.386374231945649, 39.5319368511543],
            [-0.386408856123142, 39.5318757131373],
            [-0.386449379705523, 39.5318384188302],
            [-0.386511369591878, 39.53181874208],
            [-0.386578709549336, 39.5317925912661],
            [-0.386643809003111, 39.5317808850634],
            [-0.386715499589922, 39.5317745882033],
            [-0.386805199801895, 39.5317769574508],
            [-0.386908562617208, 39.531788507573],
            [-0.387039656770082, 39.5317861953395],
            [-0.387130907946747, 39.5318027339297],
            [-0.387216524644942, 39.5318336407739],
            [-0.387270893441549, 39.531880979357],
            [-0.387292896429326, 39.532201590677],
            [-0.387342473192439, 39.5322057957233],
            [-0.387447517451554, 39.5322137887038],
            [-0.38756114365489, 39.5322054435601],
            [-0.387634148388085, 39.5322097159122],
            [-0.387685716329254, 39.5322411719756],
            [-0.387770513561386, 39.5322483489938],
            [-0.387997250636025, 39.5322624652641],
            [-0.388180555871159, 39.5322744874974],
            [-0.388241805572276, 39.5322745493409],
            [-0.388383539406196, 39.5322606103061],
            [-0.388576344528222, 39.5322252883653],
            [-0.388855658239245, 39.5321722806436],
            [-0.389106280312893, 39.5321224380725],
            [-0.389082109627556, 39.5320863193017],
            [-0.388957605075235, 39.5318178531468],
            [-0.388917553875506, 39.5316154003851],
            [-0.388903421283147, 39.5315386796025],
            [-0.388888271020066, 39.5314434860448],
            [-0.388867247393092, 39.5313228008624],
            [-0.388841121232088, 39.5312032351771],
            [-0.388909298564212, 39.5311547060878],
            [-0.388895667213785, 39.5311096172436],
            [-0.388889869446808, 39.5310340026934],
            [-0.388882945129509, 39.530943750644],
            [-0.388845716325633, 39.5308019540671],
            [-0.388844345470792, 39.5306566573194],
            [-0.38881221968254, 39.5305149754339],
            [-0.388838102200493, 39.530499512658],
            [-0.389103779025258, 39.5304696564807],
            [-0.389654923774391, 39.53040551329],
            [-0.389956845496023, 39.5303565242474],
            [-0.389935958848441, 39.5301874293218],
            [-0.389909449305495, 39.52993367902],
            [-0.390208279803467, 39.5299345372849],
            [-0.390364386412941, 39.5299190718772],
            [-0.390496179992656, 39.5299153840629],
            [-0.390826555668756, 39.5299123278634],
            [-0.391296756337241, 39.5299169602355],
            [-0.391591524220561, 39.5299082555112],
            [-0.391941415007896, 39.529895409403],
            [-0.39219508663299, 39.5298856453447],
            [-0.392333773995417, 39.529884569586],
            [-0.392466389397215, 39.529915797861],
            [-0.392474978582, 39.5299390080052],
            [-0.392503415064269, 39.5300097523651],
            [-0.39262755878264, 39.5300146379099],
            [-0.39271593528372, 39.5300165764678],
            [-0.392883579529441, 39.5299784844048],
            [-0.393092426642336, 39.5299410825216],
            [-0.393556463331318, 39.5298707497585],
            [-0.393921328437445, 39.5298189645188],
            [-0.393979779545883, 39.5298098166453],
            [-0.394003127543281, 39.5297998722569],
            [-0.393999786275564, 39.529780969017],
            [-0.393977319440989, 39.52973128625],
            [-0.393944279606509, 39.5296028820697],
            [-0.39390031948589, 39.529511393979],
            [-0.393885142024284, 39.5294472265001],
            [-0.393878059297704, 39.5293476650714],
            [-0.393864106109615, 39.5292510845504],
            [-0.393862517801855, 39.5291682224809],
            [-0.393898401656647, 39.5290567154384],
            [-0.393915814791813, 39.528978090348],
            [-0.393750190787608, 39.5288692875602],
            [-0.39372617835741, 39.5288512898728],
            [-0.393727731460995, 39.5288097763668],
            [-0.39372760733485, 39.5286038245653],
            [-0.393680300130218, 39.5284224080273],
            [-0.393657139477945, 39.5283887992563],
            [-0.393653068838868, 39.5283343581405],
            [-0.393539559266481, 39.5279361831108],
            [-0.393492156935102, 39.5278571397905],
            [-0.393417887140821, 39.5277515393897],
            [-0.393311276714904, 39.5275940435541],
            [-0.393371631495842, 39.52754422814],
            [-0.393779035636286, 39.5274222285761],
            [-0.393838290939277, 39.5273881085166],
            [-0.393870114991364, 39.5273533820406],
            [-0.392774226799436, 39.5263950796047],
            [-0.391982932209484, 39.525372832832],
            [-0.39140897109648, 39.5254590421537],
            [-0.390911121366709, 39.5255514624349],
            [-0.390876380620408, 39.5254696034294],
            [-0.389765738486971, 39.5254041050532],
            [-0.389738588894875, 39.5256242183467],
            [-0.389208201718621, 39.525576255588],
            [-0.389288473305298, 39.5249474472723],
            [-0.389404539447552, 39.5243915132097],
            [-0.389007764993359, 39.5243285436376],
            [-0.388820142040722, 39.524252256557],
            [-0.388973670600136, 39.5240935498842],
            [-0.389079254391442, 39.5237400773493],
            [-0.38916996531553, 39.5236475241692],
            [-0.387913067805673, 39.5232949457492],
            [-0.387875388609354, 39.5231364454394],
            [-0.387920295887283, 39.5227726008713],
            [-0.388100993748945, 39.5220829899875],
            [-0.388074488214689, 39.521956271561],
            [-0.388117432853824, 39.5217995839668],
            [-0.388190315568578, 39.5215039337993],
            [-0.388167980036417, 39.5214403703901],
            [-0.388008240257408, 39.5213962395628],
            [-0.388118958808664, 39.5212545888747],
            [-0.388178305686955, 39.5209901649915],
            [-0.388353435180046, 39.5209535627896],
            [-0.388467601993742, 39.5208750505269],
            [-0.388498370962901, 39.5207135846693],
            [-0.388450832442927, 39.5206629678825],
            [-0.388289576114414, 39.520659342746],
            [-0.38809848663276, 39.5206370291498],
            [-0.387878024889321, 39.520564497673],
            [-0.38787859083529, 39.5196501220872],
            [-0.387557082522452, 39.5196428926332],
            [-0.386757187893765, 39.5196294066687],
            [-0.386721130541242, 39.5190205048705],
            [-0.385979793344519, 39.5185894149059],
            [-0.384698464692388, 39.5179614859446],
            [-0.383673585424877, 39.5173573451953],
            [-0.383171095906655, 39.5170712609126],
            [-0.382858017642995, 39.5175101414912],
            [-0.382457824354031, 39.5181587639402],
            [-0.382098750640511, 39.518776780873],
            [-0.381493067687266, 39.5196504919134],
            [-0.380530073723989, 39.5194891377941],
            [-0.380025373167197, 39.5197840539284],
            [-0.379775011396985, 39.5200621827421],
            [-0.379366665345651, 39.5204043128071],
            [-0.378925354477841, 39.5205790359591],
            [-0.37826346300532, 39.5208388669903],
            [-0.378358840348766, 39.5214536135482],
            [-0.378392950323958, 39.5221120210836],
            [-0.378453302735916, 39.5231358745387],
            [-0.378570526490332, 39.5231700503756],
            [-0.3787588981101, 39.5244625589838],
            [-0.378704547282749, 39.5248442037776],
            [-0.37869303328227, 39.5251502408972],
            [-0.378753762910819, 39.5256425871617],
            [-0.37904675873446, 39.5257392853434],
            [-0.379077351309341, 39.5259696982429],
            [-0.378757284787486, 39.5260705814101],
            [-0.378708382750556, 39.5268487332281],
            [-0.377819942839336, 39.526828682362],
            [-0.376752654054315, 39.5268090904938],
            [-0.376671733456589, 39.5273748129979],
            [-0.376389584132582, 39.5283080782388]
          ]
        ]
      },
      "properties": {
        "objectid": 5,
        "codbarrio": "1",
        "nombre": "BENIFARAIG",
        "coddistbar": "171",
        "coddistrit": "17",
        "gis.gis.BARRIOS.area": 14228152.5
      }
    },
    {
      "type": "Feature",
      "id": 10,
      "geometry": {
        "type": "Polygon",
        "coordinates": [
          [
            [-0.371220928362409, 39.4983908306971],
            [-0.373033922273712, 39.4988879400223],
            [-0.37501197619168, 39.4992406464823],
            [-0.37663641892841, 39.4992969834638],
            [-0.377783356276906, 39.4992114895899],
            [-0.379811929774178, 39.4989896125217],
            [-0.381391653125784, 39.4986847668747],
            [-0.381198007863897, 39.4969327190665],
            [-0.380687641843226, 39.4957771009447],
            [-0.380242771416559, 39.4947355759723],
            [-0.38009683191244, 39.4938809563838],
            [-0.381466359163073, 39.493560495004],
            [-0.383283867212788, 39.4932501068377],
            [-0.382553935574632, 39.4913418317239],
            [-0.382164749093506, 39.4902880456497],
            [-0.380499594439266, 39.4906649133656],
            [-0.378572630993189, 39.4910853989599],
            [-0.377452881124566, 39.491334898915],
            [-0.376352848325039, 39.491562302238],
            [-0.373883715309072, 39.4920605536405],
            [-0.373361499541413, 39.4930757400659],
            [-0.372825390131486, 39.4939194522025],
            [-0.372527295341943, 39.4943090882778],
            [-0.372252948674473, 39.4944154936268],
            [-0.371947258405331, 39.4946788427054],
            [-0.371629554342769, 39.4951446072766],
            [-0.371050445034826, 39.4948342167114],
            [-0.37023344539404, 39.4960138841934],
            [-0.371029082228266, 39.4963066654086],
            [-0.370783097880548, 39.4967785545321],
            [-0.371361248231839, 39.496922262803],
            [-0.371798999824804, 39.4970312618444],
            [-0.371220928362409, 39.4983908306971]
          ]
        ]
      },
      "properties": {
        "objectid": 10,
        "codbarrio": "2",
        "nombre": "TORREFIEL",
        "coddistbar": "152",
        "coddistrit": "15",
        "gis.gis.BARRIOS.area": 7132926.25
      }
    },
    {
      "type": "Feature",
      "id": 11,
      "geometry": {
        "type": "Polygon",
        "coordinates": [
          [
            [-0.382164749093506, 39.4902880456497],
            [-0.385731561820061, 39.4894269492835],
            [-0.385542545632717, 39.4892740515442],
            [-0.384456834090344, 39.4887721520567],
            [-0.383699007319539, 39.4884217662153],
            [-0.381637619524551, 39.4872762621584],
            [-0.38019427599887, 39.4875725409683],
            [-0.379452896227292, 39.4877134770404],
            [-0.379000176819861, 39.4864375415888],
            [-0.37814312052135, 39.486350631627],
            [-0.377733213162574, 39.4869134393938],
            [-0.377267106080185, 39.4875019944336],
            [-0.376995610978856, 39.4878427040215],
            [-0.376736559809986, 39.4882197289671],
            [-0.376595015084622, 39.4884282395903],
            [-0.375880247447344, 39.489425577938],
            [-0.373883715309072, 39.4920605536405],
            [-0.376352848325039, 39.491562302238],
            [-0.377452881124566, 39.491334898915],
            [-0.378572630993189, 39.4910853989599],
            [-0.380499594439266, 39.4906649133656],
            [-0.382164749093506, 39.4902880456497]
          ]
        ]
      },
      "properties": {
        "objectid": 11,
        "codbarrio": "4",
        "nombre": "TORMOS",
        "coddistbar": "054",
        "coddistrit": "5",
        "gis.gis.BARRIOS.area": 279952
      }
    },
    {
      "type": "Feature",
      "id": 14,
      "geometry": {
        "type": "Polygon",
        "coordinates": [
          [
            [-0.385731561820061, 39.4894269492835],
            [-0.386158735221108, 39.4893329582668],
            [-0.386919458013158, 39.4891608926457],
            [-0.389470864329285, 39.4885561043329],
            [-0.387545779240672, 39.4868146816837],
            [-0.387305242075672, 39.4866020803177],
            [-0.385224129351907, 39.4850327829693],
            [-0.383660337946051, 39.4839120242572],
            [-0.381054592715167, 39.4822317430749],
            [-0.380234716010964, 39.4821231740265],
            [-0.379109125598765, 39.4819716692142],
            [-0.378803771515251, 39.4838521041326],
            [-0.378666611635975, 39.4848534893842],
            [-0.378530181526321, 39.4856026358747],
            [-0.37814312052135, 39.486350631627],
            [-0.379000176819861, 39.4864375415888],
            [-0.379452896227292, 39.4877134770404],
            [-0.38019427599887, 39.4875725409683],
            [-0.381637619524551, 39.4872762621584],
            [-0.383699007319539, 39.4884217662153],
            [-0.384456834090344, 39.4887721520567],
            [-0.385542545632717, 39.4892740515442],
            [-0.385731561820061, 39.4894269492835]
          ]
        ]
      },
      "properties": {
        "objectid": 14,
        "codbarrio": "1",
        "nombre": "MARXALENES",
        "coddistbar": "051",
        "coddistrit": "5",
        "gis.gis.BARRIOS.area": 3903659.375
      }
    },
    {
      "type": "Feature",
      "id": 15,
      "geometry": {
        "type": "Polygon",
        "coordinates": [
          [
            [-0.389470864329285, 39.4885561043329],
            [-0.390523525270761, 39.4882329193647],
            [-0.392074247579047, 39.4875515434646],
            [-0.393277820667553, 39.4870200042805],
            [-0.39343442991026, 39.4869514470269],
            [-0.392578902698535, 39.4857340913997],
            [-0.391219243070516, 39.4863206676092],
            [-0.390653090303435, 39.4861097620538],
            [-0.390466849680922, 39.4860380137545],
            [-0.39011567306997, 39.4855391472874],
            [-0.389224041994724, 39.4859290178],
            [-0.38894993953486, 39.4867291370733],
            [-0.388586444420272, 39.4866173674546],
            [-0.388276802543745, 39.4859797926852],
            [-0.387446160678454, 39.4863124629767],
            [-0.387305242075672, 39.4866020803177],
            [-0.387545779240672, 39.4868146816837],
            [-0.389470864329285, 39.4885561043329]
          ]
        ]
      },
      "properties": {
        "objectid": 15,
        "codbarrio": "3",
        "nombre": "EL CALVARI",
        "coddistbar": "043",
        "coddistrit": "4",
        "gis.gis.BARRIOS.area": 936823.4375
      }
    },
    {
      "type": "Feature",
      "id": 16,
      "geometry": {
        "type": "Polygon",
        "coordinates": [
          [
            [-0.369116411970261, 39.4873852842116],
            [-0.370991933302877, 39.4879232159946],
            [-0.371551689369965, 39.486489980845],
            [-0.372189440420477, 39.4866890850947],
            [-0.372733741470415, 39.4866878799969],
            [-0.374809121396066, 39.4864915583879],
            [-0.376265402544395, 39.4863532922857],
            [-0.375917296196149, 39.4869535150085],
            [-0.377267106080185, 39.4875019944336],
            [-0.377733213162574, 39.4869134393938],
            [-0.37814312052135, 39.486350631627],
            [-0.378530181526321, 39.4856026358747],
            [-0.378666611635975, 39.4848534893842],
            [-0.378803771515251, 39.4838521041326],
            [-0.379109125598765, 39.4819716692142],
            [-0.377954829320077, 39.4816167991183],
            [-0.376630724377637, 39.4810058472444],
            [-0.375036006006132, 39.4800374252153],
            [-0.374344769006407, 39.4795038125259],
            [-0.3730892341276, 39.4812996965557],
            [-0.372300515390061, 39.4825250660638],
            [-0.371757721142089, 39.4834902334946],
            [-0.370853810979164, 39.4848210920434],
            [-0.370610658121623, 39.4851804454019],
            [-0.369831262000111, 39.4863294239462],
            [-0.369116411970261, 39.4873852842116]
          ]
        ]
      },
      "properties": {
        "objectid": 16,
        "codbarrio": "2",
        "nombre": "MORVEDRE",
        "coddistbar": "052",
        "coddistrit": "5",
        "gis.gis.BARRIOS.area": 4281848.4375
      }
    },
    {
      "type": "Feature",
      "id": 17,
      "geometry": {
        "type": "Polygon",
        "coordinates": [
          [
            [-0.368855929303858, 39.486257794769],
            [-0.369333629730341, 39.4864037421615],
            [-0.369439886751149, 39.486225972362],
            [-0.369831262000111, 39.4863294239462],
            [-0.370610658121623, 39.4851804454019],
            [-0.370853810979164, 39.4848210920434],
            [-0.371757721142089, 39.4834902334946],
            [-0.372300515390061, 39.4825250660638],
            [-0.3730892341276, 39.4812996965557],
            [-0.374344769006407, 39.4795038125259],
            [-0.374133814145287, 39.4793368876581],
            [-0.372800466727393, 39.4785680301592],
            [-0.372562198836046, 39.4784320157112],
            [-0.370587097838439, 39.4772071907563],
            [-0.369768745534033, 39.4767517449358],
            [-0.368847247620106, 39.4764696202208],
            [-0.36824595208955, 39.4770595921349],
            [-0.367443788618201, 39.4773116766731],
            [-0.366430557383987, 39.479383248913],
            [-0.364672524683205, 39.4829738987934],
            [-0.363810256752504, 39.4847380571492],
            [-0.363572459396077, 39.4852236395243],
            [-0.363541653282568, 39.4853850982572],
            [-0.364706311254748, 39.4862538368926],
            [-0.365391126264085, 39.4857063183775],
            [-0.366553241485147, 39.4860074379657],
            [-0.367607508186609, 39.486279067511],
            [-0.368694998838142, 39.4865559442974],
            [-0.368855929303858, 39.486257794769]
          ]
        ]
      },
      "properties": {
        "objectid": 17,
        "codbarrio": "3",
        "nombre": "TRINITAT",
        "coddistbar": "053",
        "coddistrit": "5",
        "gis.gis.BARRIOS.area": 5956786.875
      }
    },
    {
      "type": "Feature",
      "id": 22,
      "geometry": {
        "type": "Polygon",
        "coordinates": [
          [
            [-0.381054592715167, 39.4822317430749],
            [-0.383395236221029, 39.4811583914967],
            [-0.383024173785757, 39.4802806869063],
            [-0.383731910182257, 39.4783417326111],
            [-0.383864282091747, 39.4776014869352],
            [-0.384190837486457, 39.4757710609792],
            [-0.384167882612697, 39.4755498286305],
            [-0.383757591346609, 39.4754865394298],
            [-0.383736418059149, 39.4757608221601],
            [-0.383098643196913, 39.4758545672817],
            [-0.382458458836005, 39.475993298597],
            [-0.381915938494166, 39.4761432355121],
            [-0.381129520977656, 39.4762291073857],
            [-0.380435793480391, 39.4763035592054],
            [-0.379170386650545, 39.4765497863158],
            [-0.378479275606742, 39.4766513117609],
            [-0.377980227362203, 39.4766490613412],
            [-0.377918705580333, 39.476913432523],
            [-0.377936932712187, 39.4770084270989],
            [-0.377235116956793, 39.477046641985],
            [-0.377202938674975, 39.4772260915159],
            [-0.376881334310225, 39.4772773894928],
            [-0.37687761291219, 39.4773764021712],
            [-0.376204321807566, 39.4788971911646],
            [-0.374133814145287, 39.4793368876581],
            [-0.374344769006407, 39.4795038125259],
            [-0.375036006006132, 39.4800374252153],
            [-0.376630724377637, 39.4810058472444],
            [-0.377954829320077, 39.4816167991183],
            [-0.379109125598765, 39.4819716692142],
            [-0.380234716010964, 39.4821231740265],
            [-0.381054592715167, 39.4822317430749]
          ]
        ]
      },
      "properties": {
        "objectid": 22,
        "codbarrio": "3",
        "nombre": "EL CARME",
        "coddistbar": "013",
        "coddistrit": "1",
        "gis.gis.BARRIOS.area": 3840678.75
      }
    },
    {
      "type": "Feature",
      "id": 24,
      "geometry": {
        "type": "Polygon",
        "coordinates": [
          [
            [-0.383024173785757, 39.4802806869063],
            [-0.383395236221029, 39.4811583914967],
            [-0.383480246877956, 39.4811197661242],
            [-0.386151670024066, 39.4798060635654],
            [-0.38670530110268, 39.4795347381886],
            [-0.387373657427263, 39.4792074413329],
            [-0.388555825771861, 39.4787205121583],
            [-0.390466257504951, 39.4782454316172],
            [-0.38996426884193, 39.4775449930877],
            [-0.389437480552979, 39.4768079510722],
            [-0.388649632679354, 39.4757091927143],
            [-0.388207064335723, 39.4750911612368],
            [-0.387853423069169, 39.4746012413515],
            [-0.387771977736068, 39.4744868004866],
            [-0.387579407736298, 39.4742167117521],
            [-0.387054898082188, 39.4734977279613],
            [-0.385925237059838, 39.4719453383491],
            [-0.38540875095702, 39.4712265277415],
            [-0.384375381167114, 39.4697618733922],
            [-0.384093524458158, 39.4693546372028],
            [-0.383452500837476, 39.4703311659887],
            [-0.383564660646538, 39.4705949466614],
            [-0.383925716626778, 39.4715444863848],
            [-0.384055337076306, 39.4718852344952],
            [-0.384046792429285, 39.4721327843096],
            [-0.384023044576073, 39.4727853881053],
            [-0.383979296090568, 39.4737393275099],
            [-0.384167882612697, 39.4755498286305],
            [-0.384190837486457, 39.4757710609792],
            [-0.383864282091747, 39.4776014869352],
            [-0.383731910182257, 39.4783417326111],
            [-0.383024173785757, 39.4802806869063]
          ]
        ]
      },
      "properties": {
        "objectid": 24,
        "codbarrio": "1",
        "nombre": "EL BOTANIC",
        "coddistbar": "031",
        "coddistrit": "3",
        "gis.gis.BARRIOS.area": 3701155.9375
      }
    },
    {
      "type": "Feature",
      "id": 25,
      "geometry": {
        "type": "Polygon",
        "coordinates": [
          [
            [-0.365133893097679, 39.479011512473],
            [-0.366430557383987, 39.479383248913],
            [-0.367443788618201, 39.4773116766731],
            [-0.36824595208955, 39.4770595921349],
            [-0.368847247620106, 39.4764696202208],
            [-0.366015700372776, 39.4731082697588],
            [-0.364584899515706, 39.473810036594],
            [-0.363768442001339, 39.4742104257133],
            [-0.360612588645721, 39.4733054699997],
            [-0.359969982653033, 39.4746601969188],
            [-0.359436093072676, 39.4745039262691],
            [-0.358883136472317, 39.4756579864286],
            [-0.358216303390985, 39.4769986388154],
            [-0.363388111338086, 39.4785079628827],
            [-0.365133893097679, 39.479011512473]
          ]
        ]
      },
      "properties": {
        "objectid": 25,
        "codbarrio": "1",
        "nombre": "EXPOSICIO",
        "coddistbar": "061",
        "coddistrit": "6",
        "gis.gis.BARRIOS.area": 3816096.875
      }
    },
    {
      "type": "Feature",
      "id": 32,
      "geometry": {
        "type": "Polygon",
        "coordinates": [
          [
            [-0.370587097838439, 39.4772071907563],
            [-0.371621899484945, 39.4767576398524],
            [-0.372932777638446, 39.4769449450594],
            [-0.372993198729595, 39.4768066748284],
            [-0.373142253677751, 39.4766298686499],
            [-0.373254697871242, 39.4762675546148],
            [-0.37344386987264, 39.4762988568967],
            [-0.373475844118449, 39.4758356361174],
            [-0.373591412334678, 39.4754869054743],
            [-0.373691973063456, 39.4753630551998],
            [-0.373793133772056, 39.4753968721718],
            [-0.374165252781891, 39.4748332231949],
            [-0.374224912053814, 39.4746183693258],
            [-0.37440131673581, 39.4743520914773],
            [-0.374542108437513, 39.4740084340308],
            [-0.374244681845426, 39.4739386524377],
            [-0.374233182061131, 39.4735104750702],
            [-0.374392872433601, 39.4727033010369],
            [-0.375245268121435, 39.4730063337591],
            [-0.375509605029451, 39.4725843862491],
            [-0.375553939682345, 39.4721394612322],
            [-0.375398781867413, 39.4716674998022],
            [-0.374960680570185, 39.4718422847188],
            [-0.37466655652777, 39.4719167195694],
            [-0.374630363640872, 39.4718168051959],
            [-0.374303920229324, 39.4718814911705],
            [-0.373693420104607, 39.4718496780505],
            [-0.372541440781097, 39.4715353566231],
            [-0.371801137640777, 39.4714780767428],
            [-0.371588480802347, 39.4723020666457],
            [-0.370856053763838, 39.4722089236527],
            [-0.370683089530754, 39.4728085900309],
            [-0.369989379638458, 39.4726712736009],
            [-0.370060717121135, 39.4723395630021],
            [-0.36866414107736, 39.4718845356721],
            [-0.368382288615312, 39.4720763465707],
            [-0.366015700372776, 39.4731082697588],
            [-0.368847247620106, 39.4764696202208],
            [-0.369768745534033, 39.4767517449358],
            [-0.370587097838439, 39.4772071907563]
          ]
        ]
      },
      "properties": {
        "objectid": 32,
        "codbarrio": "2",
        "nombre": "LA XEREA",
        "coddistbar": "012",
        "coddistrit": "1",
        "gis.gis.BARRIOS.area": 3116499.375
      }
    },
    {
      "type": "Feature",
      "id": 33,
      "geometry": {
        "type": "Polygon",
        "coordinates": [
          [
            [-0.379170386650545, 39.4765497863158],
            [-0.380435793480391, 39.4763035592054],
            [-0.381129520977656, 39.4762291073857],
            [-0.381064311376929, 39.4754303682638],
            [-0.380807578134105, 39.4753795380594],
            [-0.38099243445441, 39.4750999272592],
            [-0.38124876689836, 39.4746777861035],
            [-0.381308472609475, 39.4744223807927],
            [-0.38121457168496, 39.4740013645936],
            [-0.381223014395451, 39.4737763348635],
            [-0.381160646276237, 39.4735992577783],
            [-0.381049188061531, 39.4734526051455],
            [-0.380652870651579, 39.4731914264416],
            [-0.380458571660171, 39.4731420027896],
            [-0.380715089234414, 39.4727919372327],
            [-0.380994651321294, 39.4724469038278],
            [-0.380951314545321, 39.4723243083292],
            [-0.379817083244732, 39.4724068369044],
            [-0.379793979388724, 39.4719964155954],
            [-0.379213560756804, 39.4718211689522],
            [-0.378857187793835, 39.4715608850539],
            [-0.378432616734505, 39.471375636422],
            [-0.377809324677087, 39.4709111341046],
            [-0.376853555043239, 39.4722183525156],
            [-0.375666813530729, 39.4738131323714],
            [-0.376083837416868, 39.4738901152269],
            [-0.376702166935927, 39.4739265971001],
            [-0.376937692561182, 39.4739229048516],
            [-0.377100418570903, 39.474039187725],
            [-0.376852969590331, 39.4742633265881],
            [-0.377060068585858, 39.4744166463103],
            [-0.376900641022133, 39.4753724751141],
            [-0.377678088183344, 39.4753900215376],
            [-0.377711963535589, 39.4755709618156],
            [-0.378322234676279, 39.4757063500977],
            [-0.378771108323047, 39.4756128838906],
            [-0.379103404130943, 39.4756248832584],
            [-0.379268910686602, 39.4756286159232],
            [-0.379167274101485, 39.4761488248001],
            [-0.379170386650545, 39.4765497863158]
          ]
        ]
      },
      "properties": {
        "objectid": 33,
        "codbarrio": "5",
        "nombre": "EL MERCAT",
        "coddistbar": "015",
        "coddistrit": "1",
        "gis.gis.BARRIOS.area": 1727952.1875
      }
    },
    {
      "type": "Feature",
      "id": 34,
      "geometry": {
        "type": "Polygon",
        "coordinates": [
          [
            [-0.381129520977656, 39.4762291073857],
            [-0.381915938494166, 39.4761432355121],
            [-0.382458458836005, 39.475993298597],
            [-0.383098643196913, 39.4758545672817],
            [-0.383736418059149, 39.4757608221601],
            [-0.383757591346609, 39.4754865394298],
            [-0.384167882612697, 39.4755498286305],
            [-0.383979296090568, 39.4737393275099],
            [-0.384023044576073, 39.4727853881053],
            [-0.384046792429285, 39.4721327843096],
            [-0.384055337076306, 39.4718852344952],
            [-0.383925716626778, 39.4715444863848],
            [-0.383564660646538, 39.4705949466614],
            [-0.382683836766779, 39.470894915611],
            [-0.381461536147425, 39.4708853979856],
            [-0.381186892018838, 39.4708476783899],
            [-0.379750449201047, 39.4712206862876],
            [-0.379793979388724, 39.4719964155954],
            [-0.379817083244732, 39.4724068369044],
            [-0.380951314545321, 39.4723243083292],
            [-0.380994651321294, 39.4724469038278],
            [-0.380715089234414, 39.4727919372327],
            [-0.380458571660171, 39.4731420027896],
            [-0.380652870651579, 39.4731914264416],
            [-0.381049188061531, 39.4734526051455],
            [-0.381160646276237, 39.4735992577783],
            [-0.381223014395451, 39.4737763348635],
            [-0.38121457168496, 39.4740013645936],
            [-0.381308472609475, 39.4744223807927],
            [-0.38124876689836, 39.4746777861035],
            [-0.38099243445441, 39.4750999272592],
            [-0.380807578134105, 39.4753795380594],
            [-0.381064311376929, 39.4754303682638],
            [-0.381129520977656, 39.4762291073857]
          ]
        ]
      },
      "properties": {
        "objectid": 34,
        "codbarrio": "4",
        "nombre": "EL PILAR",
        "coddistbar": "014",
        "coddistrit": "1",
        "gis.gis.BARRIOS.area": 1616061.5625
      }
    },
    {
      "type": "Feature",
      "id": 38,
      "geometry": {
        "type": "Polygon",
        "coordinates": [
          [
            [-0.366015700372776, 39.4731082697588],
            [-0.368382288615312, 39.4720763465707],
            [-0.36866414107736, 39.4718845356721],
            [-0.370421898458689, 39.4703117683852],
            [-0.371125517498802, 39.4697421251728],
            [-0.37291491396186, 39.468503350579],
            [-0.373876698639345, 39.4678088983365],
            [-0.37491579380279, 39.4671251929987],
            [-0.374457864810186, 39.4661283846771],
            [-0.373853963648873, 39.4649571178698],
            [-0.371205026976585, 39.4660683542702],
            [-0.370197531695799, 39.4664914863249],
            [-0.36917136438921, 39.4669277089736],
            [-0.368070672714162, 39.4673937563664],
            [-0.366929554951694, 39.4678723903633],
            [-0.365776299367852, 39.4683642509789],
            [-0.363131334836451, 39.4694213460754],
            [-0.363778841120786, 39.4702423132533],
            [-0.364536159196052, 39.4712144211848],
            [-0.366015700372776, 39.4731082697588]
          ]
        ]
      },
      "properties": {
        "objectid": 38,
        "codbarrio": "2",
        "nombre": "EL PLA DEL REMEI",
        "coddistbar": "022",
        "coddistrit": "2",
        "gis.gis.BARRIOS.area": 3869178.4375
      }
    },
    {
      "type": "Feature",
      "id": 39,
      "geometry": {
        "type": "Polygon",
        "coordinates": [
          [
            [-0.341961937778675, 39.4722272765038],
            [-0.342635598159321, 39.4708283098391],
            [-0.343051178195143, 39.4699684768495],
            [-0.343711549070699, 39.4686502779705],
            [-0.343569087847329, 39.4684803596222],
            [-0.34353479027039, 39.4683129136748],
            [-0.341780279695377, 39.4678223743555],
            [-0.335425064385421, 39.4659517189747],
            [-0.334980299506673, 39.4685450289533],
            [-0.338480836816759, 39.4688144100722],
            [-0.338676291199479, 39.4688323994626],
            [-0.338756500113792, 39.4686720788674],
            [-0.33986199241963, 39.4689991737696],
            [-0.339798576967124, 39.46911934021],
            [-0.340097966539418, 39.4692117763753],
            [-0.339817636624396, 39.4697819104069],
            [-0.340239950324919, 39.4699086906786],
            [-0.340142574679232, 39.470100149987],
            [-0.33944317903525, 39.4698859563001],
            [-0.338776097011061, 39.4712445062969],
            [-0.339753516135895, 39.4715596607984],
            [-0.341961937778675, 39.4722272765038]
          ]
        ]
      },
      "properties": {
        "objectid": 39,
        "codbarrio": "1",
        "nombre": "L'ILLA PERDUDA",
        "coddistbar": "131",
        "coddistrit": "13",
        "gis.gis.BARRIOS.area": 2315291.875
      }
    },
    {
      "type": "Feature",
      "id": 42,
      "geometry": {
        "type": "Polygon",
        "coordinates": [
          [
            [-0.385925237059838, 39.4719453383491],
            [-0.387478137044042, 39.4706920084156],
            [-0.388644577842982, 39.4697092468491],
            [-0.390085107246754, 39.4693992813928],
            [-0.391492810986816, 39.4690930655095],
            [-0.391544856284002, 39.4690807204737],
            [-0.390030755568621, 39.4670062373834],
            [-0.389962891936141, 39.4669371471157],
            [-0.388193606631559, 39.4644244857164],
            [-0.387813062355594, 39.463897925681],
            [-0.386937179839773, 39.4626710533349],
            [-0.385770230520978, 39.4610322396271],
            [-0.384627492442117, 39.4594074724802],
            [-0.383293657868629, 39.4599765262088],
            [-0.382995942997602, 39.4599157697988],
            [-0.3835473533481, 39.4577615725129],
            [-0.382502448613281, 39.4562425887341],
            [-0.382092535617924, 39.4558234547364],
            [-0.381556567932083, 39.4552213029834],
            [-0.381238890373251, 39.4546285719578],
            [-0.378726181488061, 39.4613149816263],
            [-0.3786309006363, 39.4615695836696],
            [-0.378077984869677, 39.463043555533],
            [-0.379945696967863, 39.4633874724125],
            [-0.381287431209521, 39.4653410856973],
            [-0.381610655265695, 39.4658258355005],
            [-0.382215233163167, 39.4667313276446],
            [-0.382555326505377, 39.4672119504471],
            [-0.383001387210911, 39.4678120641033],
            [-0.384093524458158, 39.4693546372028],
            [-0.384375381167114, 39.4697618733922],
            [-0.38540875095702, 39.4712265277415],
            [-0.385925237059838, 39.4719453383491]
          ]
        ]
      },
      "properties": {
        "objectid": 42,
        "codbarrio": "4",
        "nombre": "ARRANCAPINS",
        "coddistbar": "034",
        "coddistrit": "3",
        "gis.gis.BARRIOS.area": 8743740.625
      }
    },
    {
      "type": "Feature",
      "id": 44,
      "geometry": {
        "type": "Polygon",
        "coordinates": [
          [
            [-0.384093524458158, 39.4693546372028],
            [-0.383001387210911, 39.4678120641033],
            [-0.382555326505377, 39.4672119504471],
            [-0.382215233163167, 39.4667313276446],
            [-0.381610655265695, 39.4658258355005],
            [-0.381287431209521, 39.4653410856973],
            [-0.379945696967863, 39.4633874724125],
            [-0.378077984869677, 39.463043555533],
            [-0.376860579476171, 39.4664258892992],
            [-0.376527260108427, 39.4673507672208],
            [-0.376954113830001, 39.4674549949186],
            [-0.378858369448441, 39.4679123741845],
            [-0.379851901797451, 39.468150990004],
            [-0.380888876814457, 39.4685482305645],
            [-0.381380935006315, 39.4687349908713],
            [-0.383452500837476, 39.4703311659887],
            [-0.384093524458158, 39.4693546372028]
          ]
        ]
      },
      "properties": {
        "objectid": 44,
        "codbarrio": "2",
        "nombre": "LA ROQUETA",
        "coddistbar": "032",
        "coddistrit": "3",
        "gis.gis.BARRIOS.area": 2305684.0625
      }
    },
    {
      "type": "Feature",
      "id": 53,
      "geometry": {
        "type": "Polygon",
        "coordinates": [
          [
            [-0.388011313248574, 39.4621907143415],
            [-0.387541100073869, 39.4615179968971],
            [-0.388889258092671, 39.4599447410347],
            [-0.388211427902335, 39.4595601483574],
            [-0.390290197262013, 39.4564717990839],
            [-0.390318724489979, 39.456427395474],
            [-0.388629822843863, 39.4555201080698],
            [-0.387245420393881, 39.4548808981997],
            [-0.386968675433235, 39.4547260308232],
            [-0.385535196676514, 39.4537884060408],
            [-0.384472347527961, 39.4535437671072],
            [-0.384162897013295, 39.4550187459505],
            [-0.381238890373251, 39.4546285719578],
            [-0.381556567932083, 39.4552213029834],
            [-0.382092535617924, 39.4558234547364],
            [-0.382502448613281, 39.4562425887341],
            [-0.3835473533481, 39.4577615725129],
            [-0.382995942997602, 39.4599157697988],
            [-0.383293657868629, 39.4599765262088],
            [-0.384627492442117, 39.4594074724802],
            [-0.385770230520978, 39.4610322396271],
            [-0.386937179839773, 39.4626710533349],
            [-0.388011313248574, 39.4621907143415]
          ]
        ]
      },
      "properties": {
        "objectid": 53,
        "codbarrio": "1",
        "nombre": "LA RAIOSA",
        "coddistbar": "091",
        "coddistrit": "9",
        "gis.gis.BARRIOS.area": 3754483.75
      }
    },
    {
      "type": "Feature",
      "id": 54,
      "geometry": {
        "type": "Polygon",
        "coordinates": [
          [
            [-0.40235205126152, 39.458214997076],
            [-0.399095919685618, 39.4557953703262],
            [-0.399493845992889, 39.4554664428328],
            [-0.398304337230756, 39.4545839901384],
            [-0.397436858787442, 39.4552537360024],
            [-0.396775719810899, 39.4557073803424],
            [-0.395802945279752, 39.4560639590334],
            [-0.394709509778507, 39.4562286300862],
            [-0.393573259210411, 39.4562752157097],
            [-0.390290197262013, 39.4564717990839],
            [-0.392108950614742, 39.4581432229908],
            [-0.393153778857757, 39.4590675376492],
            [-0.394177473424864, 39.4600724577523],
            [-0.396121293667752, 39.4617646417563],
            [-0.397321255011115, 39.4628950940423],
            [-0.398737330434403, 39.4615214373732],
            [-0.40023647076795, 39.4601586295362],
            [-0.40235205126152, 39.458214997076]
          ]
        ]
      },
      "properties": {
        "objectid": 54,
        "codbarrio": "4",
        "nombre": "SAFRANAR",
        "coddistbar": "084",
        "coddistrit": "8",
        "gis.gis.BARRIOS.area": 4412657.8125
      }
    },
    {
      "type": "Feature",
      "id": 202,
      "geometry": {
        "type": "Polygon",
        "coordinates": [
          [
            [-0.357615323926515, 39.4940950997962],
            [-0.357642928279946, 39.4941150242872],
            [-0.357714090031884, 39.4941545603807],
            [-0.357750726780985, 39.4941898879979],
            [-0.357869652184814, 39.4943280027636],
            [-0.357879931799417, 39.4943399478812],
            [-0.357909140587842, 39.4944237267217],
            [-0.357933940270229, 39.4945072611562],
            [-0.35787238118172, 39.4945868499363],
            [-0.357765671759193, 39.494644358522],
            [-0.35763677472594, 39.4947353794346],
            [-0.357530120837322, 39.4948463469291],
            [-0.357369516621191, 39.4950315354919],
            [-0.3571639468421, 39.4952698345703],
            [-0.357042293718424, 39.4954405847484],
            [-0.356760191092266, 39.4958055257011],
            [-0.35633895481361, 39.4962791888145],
            [-0.356110157029616, 39.4965518392256],
            [-0.355948986244988, 39.4967428684815],
            [-0.355736534189525, 39.4969759543501],
            [-0.355654579360369, 39.4970342675222],
            [-0.355635970965825, 39.4970478616044],
            [-0.355671727733757, 39.4970588732822],
            [-0.355770578207846, 39.497098076799],
            [-0.355867912477319, 39.4971334170153],
            [-0.356052692532767, 39.4972051514281],
            [-0.356161250382906, 39.4972484042254],
            [-0.356442809950612, 39.4973545013582],
            [-0.356708876458268, 39.497464425403],
            [-0.356810816706598, 39.4975460844413],
            [-0.357025100569931, 39.497711665869],
            [-0.357070596282671, 39.4977608794886],
            [-0.356936652208643, 39.4978566404166],
            [-0.356785157024647, 39.4979844153406],
            [-0.356703850151883, 39.4980731754927],
            [-0.356649438935286, 39.4981245035901],
            [-0.356482016066429, 39.4982948153325],
            [-0.356240241332917, 39.4984933710531],
            [-0.356175351492318, 39.4985158937879],
            [-0.356076963041474, 39.49859387772],
            [-0.356000361802277, 39.4986529435416],
            [-0.355956742985614, 39.4987005260248],
            [-0.355881834136197, 39.4987692335882],
            [-0.355745637133419, 39.4988749415123],
            [-0.355530708866151, 39.4990412698457],
            [-0.355329789737821, 39.4991990610608],
            [-0.354983949153914, 39.4994999627538],
            [-0.354792630919005, 39.4996774124084],
            [-0.354836300541244, 39.4999724876339],
            [-0.355041674517025, 39.5001231766139],
            [-0.355312707102753, 39.5002728463704],
            [-0.355447215182483, 39.5003709050973],
            [-0.355811034697095, 39.500575729032],
            [-0.356033697069797, 39.5006845858119],
            [-0.356394512817942, 39.5009012491325],
            [-0.356659063091826, 39.5010555068899],
            [-0.35655142452621, 39.5012448989011],
            [-0.356506668817548, 39.501230718857],
            [-0.356238293469569, 39.5016042853556],
            [-0.356187285378295, 39.5016703568284],
            [-0.356004763628704, 39.5019064662138],
            [-0.35594625663922, 39.5019730966295],
            [-0.3562479558511, 39.5021094625795],
            [-0.356672004147903, 39.5022982314759],
            [-0.356881558630863, 39.502380636112],
            [-0.357039630906169, 39.5024394735682],
            [-0.357142863563989, 39.502480478313],
            [-0.357308030975904, 39.5025454225629],
            [-0.357397627142659, 39.5025841800354],
            [-0.357555298401411, 39.5026370529043],
            [-0.357701019246802, 39.5026938158165],
            [-0.357870285978557, 39.5027527986349],
            [-0.3579562877963, 39.5027876091967],
            [-0.358171128103105, 39.5028604113075],
            [-0.358396939466077, 39.5029419937352],
            [-0.35857421810437, 39.5030111483819],
            [-0.358839776827127, 39.5031277586752],
            [-0.359222209882635, 39.5032384575831],
            [-0.359296939765332, 39.5032601915323],
            [-0.3593385493447, 39.5032779655643],
            [-0.359427697782093, 39.5033187743106],
            [-0.359554537747818, 39.5033776462672],
            [-0.359582545463476, 39.5033986965669],
            [-0.359596102867704, 39.5034460392695],
            [-0.359771342958719, 39.5034035636079],
            [-0.360018766268387, 39.5033475031143],
            [-0.360257436971824, 39.503287027139],
            [-0.360398634688532, 39.5032851992239],
            [-0.360481523455181, 39.5033122887898],
            [-0.360495570167706, 39.5032920409661],
            [-0.360515239852433, 39.503248281964],
            [-0.360548449218353, 39.503197974903],
            [-0.360609088989737, 39.5030991843636],
            [-0.360666372751129, 39.5030061011597],
            [-0.360733857123945, 39.5028991329552],
            [-0.360766970537374, 39.5028464363312],
            [-0.360838165778971, 39.5027277509118],
            [-0.360928773135474, 39.5026071190653],
            [-0.360958071482914, 39.5025713352097],
            [-0.361025960447666, 39.5024889878772],
            [-0.361069304961781, 39.5024378748539],
            [-0.361157348503214, 39.5023646876522],
            [-0.361238465242516, 39.5023042976252],
            [-0.361335237753703, 39.5022219934983],
            [-0.361414467753277, 39.5021472275933],
            [-0.361482731719297, 39.5020979685787],
            [-0.361580153847766, 39.5020255255418],
            [-0.361621891796319, 39.5019950328541],
            [-0.361665012434979, 39.5020211193963],
            [-0.361774603683027, 39.5020972813978],
            [-0.361889035378107, 39.5021681479623],
            [-0.36193705879774, 39.5022057327725],
            [-0.36203547501001, 39.5022708393179],
            [-0.362151228079175, 39.5023470597937],
            [-0.362295602117161, 39.5024502714802],
            [-0.362343102597771, 39.502484168688],
            [-0.362444881550886, 39.502542171269],
            [-0.362571431051671, 39.5026447257314],
            [-0.362651855837455, 39.502712981803],
            [-0.362687984377656, 39.5027382516156],
            [-0.362718843367684, 39.5027485013504],
            [-0.362747054398325, 39.5027546640656],
            [-0.362783200357315, 39.5027628716937],
            [-0.362901500889387, 39.5027776195722],
            [-0.362911194347854, 39.5027912806264],
            [-0.362907635021802, 39.5028226673629],
            [-0.362899665842756, 39.5028670346951],
            [-0.362898928112152, 39.5029120616428],
            [-0.362930509656513, 39.5029505611087],
            [-0.362979241947238, 39.502993107382],
            [-0.363048285367494, 39.5030397721704],
            [-0.363116289889101, 39.5030717831484],
            [-0.363148113346915, 39.5031041981394],
            [-0.363229174788261, 39.5031356585614],
            [-0.363363949301847, 39.5031911299864],
            [-0.363447317906065, 39.5032332368921],
            [-0.363503704853817, 39.5032603445099],
            [-0.363597949881822, 39.5033063646762],
            [-0.363733594624309, 39.5033523692216],
            [-0.363902130708961, 39.5034305513739],
            [-0.364042651578172, 39.5035007735822],
            [-0.364223018083745, 39.5035782597436],
            [-0.364428062580095, 39.5036612602429],
            [-0.364517626112137, 39.5037059482861],
            [-0.364624076138065, 39.5037619919391],
            [-0.364733619904195, 39.5038011061751],
            [-0.364850816217411, 39.5038220520802],
            [-0.364955577215988, 39.5038529497656],
            [-0.365049582484678, 39.5039050532381],
            [-0.36516638102477, 39.5039783846394],
            [-0.36527047289252, 39.5040414641071],
            [-0.3653124113413, 39.5040558201517],
            [-0.365334831835783, 39.5040453649384],
            [-0.365349524625147, 39.5040310679261],
            [-0.365373383503151, 39.5039828536561],
            [-0.365392605211992, 39.5039321018675],
            [-0.365425222450476, 39.5038182863481],
            [-0.365444352242479, 39.5037699648247],
            [-0.365456781862949, 39.5037324640143],
            [-0.365486458008471, 39.5037035612364],
            [-0.365534217908475, 39.5036887978202],
            [-0.365648645139833, 39.5036999326732],
            [-0.365851018436863, 39.5037154847244],
            [-0.366006730563791, 39.5037361135396],
            [-0.366102130663328, 39.5037553118283],
            [-0.366238673633157, 39.5038059282893],
            [-0.366377729403323, 39.5038608356593],
            [-0.366496284138936, 39.5039218815854],
            [-0.36660869633312, 39.5039965445168],
            [-0.36668702499158, 39.5040508588461],
            [-0.366813332674653, 39.5040984679634],
            [-0.36691284079382, 39.5041240738242],
            [-0.367098342560371, 39.5042002755845],
            [-0.367195442699138, 39.5042490061319],
            [-0.367666059956815, 39.5033834522024],
            [-0.368293203808473, 39.5017490587799],
            [-0.368600567439173, 39.5018280903862],
            [-0.369276150467592, 39.5001992923281],
            [-0.368129963281613, 39.4999120718575],
            [-0.369096961564742, 39.497609723164],
            [-0.36779844983617, 39.497084832017],
            [-0.368241526333401, 39.4965903785994],
            [-0.366339057208262, 39.4951824543029],
            [-0.366633034872638, 39.4949413767043],
            [-0.367396656413981, 39.4955037105936],
            [-0.367688576846854, 39.4952400618072],
            [-0.368122108349903, 39.4948444886742],
            [-0.367816977871141, 39.4946303843297],
            [-0.368357544877968, 39.4941516517545],
            [-0.367254504670412, 39.4933789369262],
            [-0.368049286490266, 39.4927303036977],
            [-0.369147910173854, 39.4918092732049],
            [-0.368314136243939, 39.4912003181828],
            [-0.369029714509132, 39.490608431712],
            [-0.368812030404674, 39.4904458582141],
            [-0.369002558804104, 39.4902880147789],
            [-0.367077235557545, 39.4887579582971],
            [-0.365936645901173, 39.4894229444472],
            [-0.365381660783999, 39.4897465148325],
            [-0.364732660772416, 39.4891912720943],
            [-0.365932591777332, 39.4883007421325],
            [-0.365270069195615, 39.4878341366332],
            [-0.363989791346981, 39.4868321536166],
            [-0.363370675985115, 39.4873901631065],
            [-0.362886068692229, 39.4878115771829],
            [-0.363050293119924, 39.4879459311653],
            [-0.362294088566097, 39.4885548669785],
            [-0.361841552197183, 39.4885364133431],
            [-0.360551356943016, 39.4884837623734],
            [-0.360260664038231, 39.4890659437806],
            [-0.359674809622447, 39.4902392203306],
            [-0.359363004545865, 39.4908636299239],
            [-0.357893621050034, 39.4938060587658],
            [-0.357616784821817, 39.4940930610088],
            [-0.357615323926515, 39.4940950997962]
          ]
        ]
      },
      "properties": {
        "objectid": 202,
        "codbarrio": "3",
        "nombre": "SANT LLORENS",
        "coddistbar": "153",
        "coddistrit": "15",
        "gis.gis.BARRIOS.area": null
      }
    },
    {
      "type": "Feature",
      "id": 56,
      "geometry": {
        "type": "Polygon",
        "coordinates": [
          [
            [-0.368800284043653, 39.4588294543345],
            [-0.369244338949882, 39.4596322723184],
            [-0.371441500500219, 39.4587270717517],
            [-0.373967087109866, 39.4576625781728],
            [-0.375768723561347, 39.4569195239181],
            [-0.375511514225094, 39.4565353458201],
            [-0.373562146602903, 39.4536940822279],
            [-0.372382063086887, 39.4519917693396],
            [-0.371604345135679, 39.4508886310289],
            [-0.371127375811543, 39.4522922182128],
            [-0.371348319617741, 39.4531755656406],
            [-0.370808098565967, 39.4533840620009],
            [-0.368900362032611, 39.4533588985158],
            [-0.368868846063786, 39.4533086366044],
            [-0.36802788212549, 39.453595894818],
            [-0.36852492876077, 39.4544945081639],
            [-0.366755882785621, 39.4552787370364],
            [-0.367364997370441, 39.4562294516024],
            [-0.367960665415004, 39.4570942658811],
            [-0.368002606357652, 39.4571762949207],
            [-0.368379992625787, 39.4579550933447],
            [-0.368545250302473, 39.4582921608697],
            [-0.368800284043653, 39.4588294543345]
          ]
        ]
      },
      "properties": {
        "objectid": 56,
        "codbarrio": "2",
        "nombre": "EN CORTS",
        "coddistbar": "102",
        "coddistrit": "10",
        "gis.gis.BARRIOS.area": 3640261.875
      }
    },
    {
      "type": "Feature",
      "id": 59,
      "geometry": {
        "type": "Polygon",
        "coordinates": [
          [
            [-0.375768723561347, 39.4569195239181],
            [-0.377182213374419, 39.4563568585421],
            [-0.378433967864479, 39.4558265538552],
            [-0.379835715131213, 39.4552275554416],
            [-0.381238890373251, 39.4546285719578],
            [-0.382810104000869, 39.4495064457637],
            [-0.383597764329334, 39.4472855021864],
            [-0.38492533303388, 39.4435407022499],
            [-0.387154992365107, 39.4371902471647],
            [-0.378091528382188, 39.4363014885465],
            [-0.370173719134826, 39.4355190383627],
            [-0.369540925397554, 39.441270179964],
            [-0.369514807353631, 39.441481287222],
            [-0.36902719843301, 39.4454610862],
            [-0.36896326195417, 39.4461172825578],
            [-0.36912208040687, 39.4471839088476],
            [-0.36934499690209, 39.4475898467223],
            [-0.369414984043386, 39.4477175541703],
            [-0.369501550460012, 39.4478681588413],
            [-0.37053623061458, 39.449378016903],
            [-0.370968105804104, 39.4499823684267],
            [-0.371604345135679, 39.4508886310289],
            [-0.372382063086887, 39.4519917693396],
            [-0.373562146602903, 39.4536940822279],
            [-0.375511514225094, 39.4565353458201],
            [-0.375768723561347, 39.4569195239181]
          ]
        ]
      },
      "properties": {
        "objectid": 59,
        "codbarrio": "3",
        "nombre": "MALILLA",
        "coddistbar": "103",
        "coddistrit": "10",
        "gis.gis.BARRIOS.area": 25073007.5
      }
    },
    {
      "type": "Feature",
      "id": 21,
      "geometry": {
        "type": "Polygon",
        "coordinates": [
          [
            [-0.362285987716485, 39.4848295889021],
            [-0.363572459396077, 39.4852236395243],
            [-0.363810256752504, 39.4847380571492],
            [-0.364672524683205, 39.4829738987934],
            [-0.366430557383987, 39.479383248913],
            [-0.365133893097679, 39.479011512473],
            [-0.364426152139621, 39.480436856615],
            [-0.361247763372275, 39.4794863698711],
            [-0.360886941908375, 39.4801898590641],
            [-0.360755990023731, 39.480443634644],
            [-0.360307744793504, 39.4808073166245],
            [-0.359491268271966, 39.4814058690982],
            [-0.361157421664842, 39.4826146408984],
            [-0.361367467146413, 39.4827582402277],
            [-0.36283985269915, 39.4837722483158],
            [-0.362285987716485, 39.4848295889021]
          ]
        ]
      },
      "properties": {
        "objectid": 21,
        "codbarrio": "3",
        "nombre": "JAUME ROIG",
        "coddistbar": "063",
        "coddistrit": "6",
        "gis.gis.BARRIOS.area": 1908009.0625
      }
    },
    {
      "type": "Feature",
      "id": 13,
      "geometry": {
        "type": "Polygon",
        "coordinates": [
          [
            [-0.359011883459886, 39.4889172282481],
            [-0.360260664038231, 39.4890659437806],
            [-0.360551356943016, 39.4884837623734],
            [-0.362294088566097, 39.4885548669785],
            [-0.363050293119924, 39.4879459311653],
            [-0.362886068692229, 39.4878115771829],
            [-0.363989791346981, 39.4868321536166],
            [-0.36527042159547, 39.4878338563435],
            [-0.365932591777332, 39.4883007421325],
            [-0.364732660772416, 39.4891912720943],
            [-0.365381660783999, 39.4897465148325],
            [-0.367077235557545, 39.4887579582971],
            [-0.368418463790529, 39.4879730577313],
            [-0.369116411970261, 39.4873852842116],
            [-0.369831262000111, 39.4863294239462],
            [-0.369439886751149, 39.486225972362],
            [-0.369333629730341, 39.4864037421615],
            [-0.368855929303858, 39.486257794769],
            [-0.368694998838142, 39.4865559442974],
            [-0.367607508186609, 39.486279067511],
            [-0.366553241485147, 39.4860074379657],
            [-0.365391126264085, 39.4857063183775],
            [-0.364706311254748, 39.4862538368926],
            [-0.363541653282568, 39.4853850982572],
            [-0.363572459396077, 39.4852236395243],
            [-0.362285987716485, 39.4848295889021],
            [-0.36283985269915, 39.4837722483158],
            [-0.361367467146413, 39.4827582402277],
            [-0.361157421664842, 39.4826146408984],
            [-0.359491268271966, 39.4814058690982],
            [-0.357724492189174, 39.4800779674321],
            [-0.35690403634165, 39.4794615710891],
            [-0.35564099192541, 39.4785060596054],
            [-0.354889735387554, 39.4780850771289],
            [-0.354671079637796, 39.4785440507115],
            [-0.353893271391254, 39.47958936564],
            [-0.353321643932321, 39.48019794236],
            [-0.352651776931567, 39.480714199507],
            [-0.351559825651989, 39.4815541480084],
            [-0.354423858555902, 39.482439186022],
            [-0.354122733139974, 39.4843827151689],
            [-0.35388648199549, 39.4856880992092],
            [-0.356428106517046, 39.485939647743],
            [-0.356268620847881, 39.4869269726509],
            [-0.357405949940947, 39.4870384359404],
            [-0.357593469858458, 39.4870562135681],
            [-0.357556670372412, 39.4872220385936],
            [-0.357472010745717, 39.4876345067907],
            [-0.357258423094485, 39.4886881771654],
            [-0.359011883459886, 39.4889172282481]
          ]
        ]
      },
      "properties": {
        "objectid": 13,
        "codbarrio": "1",
        "nombre": "BENIMACLET",
        "coddistbar": "141",
        "coddistrit": "14",
        "gis.gis.BARRIOS.area": 7431831.875
      }
    },
    {
      "type": "Feature",
      "id": 23,
      "geometry": {
        "type": "Polygon",
        "coordinates": [
          [
            [-0.359491268271966, 39.4814058690982],
            [-0.360307744793504, 39.4808073166245],
            [-0.360755990023731, 39.480443634644],
            [-0.360886941908375, 39.4801898590641],
            [-0.361247763372275, 39.4794863698711],
            [-0.364426152139621, 39.480436856615],
            [-0.365133893097679, 39.479011512473],
            [-0.363388111338086, 39.4785079628827],
            [-0.358216303390985, 39.4769986388154],
            [-0.356566963169881, 39.4765602412852],
            [-0.355558456784327, 39.4762940588258],
            [-0.353752466302338, 39.4758115082359],
            [-0.352742180864397, 39.4779866159122],
            [-0.354671079637796, 39.4785440507115],
            [-0.354889735387554, 39.4780850771289],
            [-0.35564099192541, 39.4785060596054],
            [-0.35690403634165, 39.4794615710891],
            [-0.357724492189174, 39.4800779674321],
            [-0.359491268271966, 39.4814058690982]
          ]
        ]
      },
      "properties": {
        "objectid": 23,
        "codbarrio": "4",
        "nombre": "CIUTAT UNIVERSITARIA",
        "coddistbar": "064",
        "coddistrit": "6",
        "gis.gis.BARRIOS.area": 2769592.1875
      }
    },
    {
      "type": "Feature",
      "id": 9,
      "geometry": {
        "type": "Polygon",
        "coordinates": [
          [
            [-0.381391653125784, 39.4986847668747],
            [-0.384986555192451, 39.4978543791281],
            [-0.386141403840105, 39.4975890722936],
            [-0.388886035794183, 39.5002363036757],
            [-0.3914492176531, 39.4987443764566],
            [-0.394004961295894, 39.4970990838939],
            [-0.396031969092708, 39.4958697938501],
            [-0.396641167703411, 39.4955140933606],
            [-0.396951196014577, 39.4958138251166],
            [-0.397588773735602, 39.495418206773],
            [-0.398244403513367, 39.4960184610442],
            [-0.399718053240366, 39.4952046313233],
            [-0.400075272581041, 39.4956810825238],
            [-0.402501175215701, 39.4945867257562],
            [-0.397369760538568, 39.4875396549343],
            [-0.396209858957841, 39.4861038007173],
            [-0.396006366485607, 39.485851498571],
            [-0.395245042491887, 39.4845822202528],
            [-0.392578902698535, 39.4857340913997],
            [-0.39343442991026, 39.4869514470269],
            [-0.393277820667553, 39.4870200042805],
            [-0.392074247579047, 39.4875515434646],
            [-0.390523525270761, 39.4882329193647],
            [-0.389470864329285, 39.4885561043329],
            [-0.386919458013158, 39.4891608926457],
            [-0.386158735221108, 39.4893329582668],
            [-0.385731561820061, 39.4894269492835],
            [-0.382164749093506, 39.4902880456497],
            [-0.382553935574632, 39.4913418317239],
            [-0.383283867212788, 39.4932501068377],
            [-0.381466359163073, 39.493560495004],
            [-0.38009683191244, 39.4938809563838],
            [-0.380242771416559, 39.4947355759723],
            [-0.380687641843226, 39.4957771009447],
            [-0.381198007863897, 39.4969327190665],
            [-0.381391653125784, 39.4986847668747]
          ]
        ]
      },
      "properties": {
        "objectid": 9,
        "codbarrio": "1",
        "nombre": "BENICALAP",
        "coddistbar": "161",
        "coddistrit": "16",
        "gis.gis.BARRIOS.area": 17189645
      }
    },
    {
      "type": "Feature",
      "id": 12,
      "geometry": {
        "type": "Polygon",
        "coordinates": [
          [
            [-0.373883715309072, 39.4920605536405],
            [-0.375880247447344, 39.489425577938],
            [-0.376595015084622, 39.4884282395903],
            [-0.376736559809986, 39.4882197289671],
            [-0.376995610978856, 39.4878427040215],
            [-0.377267106080185, 39.4875019944336],
            [-0.375917296196149, 39.4869535150085],
            [-0.376265402544395, 39.4863532922857],
            [-0.374809121396066, 39.4864915583879],
            [-0.372733741470415, 39.4866878799969],
            [-0.372189440420477, 39.4866890850947],
            [-0.371551689369965, 39.486489980845],
            [-0.370991933302877, 39.4879232159946],
            [-0.369116411970261, 39.4873852842116],
            [-0.368418463790529, 39.4879730577313],
            [-0.370132588708568, 39.4893226413982],
            [-0.3712996213658, 39.4902093862333],
            [-0.372721135084799, 39.491259731807],
            [-0.373737513599089, 39.4919659489728],
            [-0.373883715309072, 39.4920605536405]
          ]
        ]
      },
      "properties": {
        "objectid": 12,
        "codbarrio": "5",
        "nombre": "SANT ANTONI",
        "coddistbar": "055",
        "coddistrit": "5",
        "gis.gis.BARRIOS.area": 2497340.9375
      }
    },
    {
      "type": "Feature",
      "id": 31,
      "geometry": {
        "type": "Polygon",
        "coordinates": [
          [
            [-0.358216303390985, 39.4769986388154],
            [-0.358883136472317, 39.4756579864286],
            [-0.359436093072676, 39.4745039262691],
            [-0.359969982653033, 39.4746601969188],
            [-0.360612588645721, 39.4733054699997],
            [-0.363768442001339, 39.4742104257133],
            [-0.364584899515706, 39.473810036594],
            [-0.366015700372776, 39.4731082697588],
            [-0.364536159196052, 39.4712144211848],
            [-0.363778841120786, 39.4702423132533],
            [-0.363131334836451, 39.4694213460754],
            [-0.36240056333859, 39.4683822658262],
            [-0.361766157254677, 39.4671967238948],
            [-0.361067265763365, 39.4659106266586],
            [-0.36015202564491, 39.4641421456033],
            [-0.359969386904238, 39.4634284425605],
            [-0.35867498476203, 39.4637076851209],
            [-0.358007538038725, 39.4640888998254],
            [-0.357115205727626, 39.4659198959753],
            [-0.356829259039518, 39.4665079718557],
            [-0.356540222402041, 39.4671004720233],
            [-0.35566743491637, 39.4689013224696],
            [-0.355448012417787, 39.4693175172839],
            [-0.354847433994354, 39.4705223015555],
            [-0.354411601408048, 39.4714753110898],
            [-0.353187376194793, 39.4739878869429],
            [-0.352476634405273, 39.4754491237334],
            [-0.353752466302338, 39.4758115082359],
            [-0.355558456784327, 39.4762940588258],
            [-0.356566963169881, 39.4765602412852],
            [-0.358216303390985, 39.4769986388154]
          ]
        ]
      },
      "properties": {
        "objectid": 31,
        "codbarrio": "2",
        "nombre": "MESTALLA",
        "coddistbar": "062",
        "coddistrit": "6",
        "gis.gis.BARRIOS.area": 8435878.75
      }
    },
    {
      "type": "Feature",
      "id": 41,
      "geometry": {
        "type": "Polygon",
        "coordinates": [
          [
            [-0.354411601408048, 39.4714753110898],
            [-0.354847433994354, 39.4705223015555],
            [-0.355448012417787, 39.4693175172839],
            [-0.35566743491637, 39.4689013224696],
            [-0.356540222402041, 39.4671004720233],
            [-0.356433105860251, 39.4670710090928],
            [-0.355480748369643, 39.4667835824237],
            [-0.35423790605271, 39.4664174648618],
            [-0.353105654932193, 39.4660853837086],
            [-0.351220302976662, 39.4655379271292],
            [-0.350323439603664, 39.467828230243],
            [-0.349850549537987, 39.4690336210599],
            [-0.348748444934982, 39.4687112115157],
            [-0.348356396359752, 39.4696616904364],
            [-0.349393860587727, 39.4699646209423],
            [-0.351161475569439, 39.4704958842552],
            [-0.352404297063207, 39.4708705227734],
            [-0.354411601408048, 39.4714753110898]
          ]
        ]
      },
      "properties": {
        "objectid": 41,
        "codbarrio": "2",
        "nombre": "ALBORS",
        "coddistbar": "122",
        "coddistrit": "12",
        "gis.gis.BARRIOS.area": 2560381.0938
      }
    },
    {
      "type": "Feature",
      "id": 35,
      "geometry": {
        "type": "Polygon",
        "coordinates": [
          [
            [-0.352476634405273, 39.4754491237334],
            [-0.353187376194793, 39.4739878869429],
            [-0.354411601408048, 39.4714753110898],
            [-0.352404297063207, 39.4708705227734],
            [-0.351161475569439, 39.4704958842552],
            [-0.349393860587727, 39.4699646209423],
            [-0.34910830367016, 39.4706743037108],
            [-0.348853045828987, 39.4713126068241],
            [-0.348719735848544, 39.4716473938421],
            [-0.348127786025178, 39.473097800753],
            [-0.347761263543185, 39.4739677894836],
            [-0.349436993108445, 39.4744339212813],
            [-0.350589659789671, 39.4747664956059],
            [-0.352476634405273, 39.4754491237334]
          ]
        ]
      },
      "properties": {
        "objectid": 35,
        "codbarrio": "3",
        "nombre": "L'AMISTAT",
        "coddistbar": "133",
        "coddistrit": "13",
        "gis.gis.BARRIOS.area": 2072748.5938
      }
    },
    {
      "type": "Feature",
      "id": 29,
      "geometry": {
        "type": "Polygon",
        "coordinates": [
          [
            [-0.333380847413167, 39.4764131545199],
            [-0.335508694969669, 39.4769984912555],
            [-0.337104497317999, 39.4736573782409],
            [-0.337435810671636, 39.4726866758061],
            [-0.337768610368854, 39.4719459444575],
            [-0.338206155491405, 39.4710728414011],
            [-0.338776097011061, 39.4712445062969],
            [-0.33944317903525, 39.4698859563001],
            [-0.340142574679232, 39.470100149987],
            [-0.340239950324919, 39.4699086906786],
            [-0.339817636624396, 39.4697819104069],
            [-0.340097966539418, 39.4692117763753],
            [-0.339798576967124, 39.46911934021],
            [-0.33986199241963, 39.4689991737696],
            [-0.338756500113792, 39.4686720788674],
            [-0.338676291199479, 39.4688323994626],
            [-0.338480836816759, 39.4688144100722],
            [-0.334980299506673, 39.4685450289533],
            [-0.335013715420434, 39.4694962174186],
            [-0.334987757546249, 39.470081181208],
            [-0.334731648885599, 39.4710617644441],
            [-0.334317011273096, 39.4715522387395],
            [-0.334157096199612, 39.4728097843218],
            [-0.333850269472736, 39.4743567426582],
            [-0.333729361034684, 39.4748404400712],
            [-0.333380847413167, 39.4764131545199]
          ]
        ]
      },
      "properties": {
        "objectid": 29,
        "codbarrio": "4",
        "nombre": "BETERO",
        "coddistbar": "114",
        "coddistrit": "11",
        "gis.gis.BARRIOS.area": 2553075.3125
      }
    },
    {
      "type": "Feature",
      "id": 30,
      "geometry": {
        "type": "Polygon",
        "coordinates": [
          [
            [-0.333380847413167, 39.4764131545199],
            [-0.333729361034684, 39.4748404400712],
            [-0.333850269472736, 39.4743567426582],
            [-0.334157096199612, 39.4728097843218],
            [-0.334317011273096, 39.4715522387395],
            [-0.334731648885599, 39.4710617644441],
            [-0.334987757546249, 39.470081181208],
            [-0.335013715420434, 39.4694962174186],
            [-0.334980299506673, 39.4685450289533],
            [-0.335425064385421, 39.4659517189747],
            [-0.336495489003006, 39.4636745312921],
            [-0.334194003540938, 39.4632839506895],
            [-0.331158221898358, 39.4629305254327],
            [-0.330163060572196, 39.4628175889718],
            [-0.329002159440977, 39.4629170446069],
            [-0.327298760264165, 39.4630895963879],
            [-0.324211770029126, 39.4630501177373],
            [-0.322606949575549, 39.4630762261139],
            [-0.322727814179128, 39.4654933319823],
            [-0.323063058126274, 39.4680595151504],
            [-0.323813841008601, 39.4726532027246],
            [-0.324574065337931, 39.474558016875],
            [-0.326456890713187, 39.4745833152704],
            [-0.327698550175703, 39.4747515019704],
            [-0.328709414443059, 39.4751035533969],
            [-0.329924825569739, 39.4754648006208],
            [-0.333380847413167, 39.4764131545199]
          ]
        ]
      },
      "properties": {
        "objectid": 30,
        "codbarrio": "2",
        "nombre": "CABANYAL-CANYAMELAR",
        "coddistbar": "112",
        "coddistrit": "11",
        "gis.gis.BARRIOS.area": 1349264
      }
    },
    {
      "type": "Feature",
      "id": 137,
      "geometry": {
        "type": "Polygon",
        "coordinates": [
          [
            [-0.331510432927424, 39.4856069638557],
            [-0.331514331763143, 39.4856068552021],
            [-0.331524099474928, 39.4856049804896],
            [-0.331574447672758, 39.4856111545922],
            [-0.331596625483064, 39.4856140061654],
            [-0.331628571989779, 39.4856210368928],
            [-0.331637055904929, 39.4856247631367],
            [-0.331648070100631, 39.4856352860052],
            [-0.331652292873784, 39.485647986171],
            [-0.331653131804609, 39.4856567528993],
            [-0.331658259009013, 39.4856868426382],
            [-0.331661074237272, 39.4856971321797],
            [-0.331672094043697, 39.485707204739],
            [-0.331695560255469, 39.4857146713168],
            [-0.331819359636201, 39.4857521977095],
            [-0.331856334963526, 39.4857636229903],
            [-0.332020278146722, 39.4857877921468],
            [-0.332045399371841, 39.485793936339],
            [-0.332061194364326, 39.4857992267711],
            [-0.332069801874821, 39.4858070187525],
            [-0.332075890390844, 39.4858223112087],
            [-0.33209602417135, 39.4858846994037],
            [-0.332108102013523, 39.4859786853789],
            [-0.332098935424775, 39.486042671021],
            [-0.332100755543349, 39.4861121249672],
            [-0.332121868197183, 39.4861455726105],
            [-0.332178647597121, 39.486183325526],
            [-0.332224838167061, 39.4862052051806],
            [-0.332328369222309, 39.4862589858684],
            [-0.332398347589258, 39.4862942219767],
            [-0.332476119960524, 39.4863688699302],
            [-0.332573479823284, 39.4864578769488],
            [-0.332628129671191, 39.4865337056479],
            [-0.332788937501521, 39.4866597083605],
            [-0.333019285973157, 39.4868062793662],
            [-0.33316635488159, 39.4868872199272],
            [-0.333286933536292, 39.487006343882],
            [-0.333348783212166, 39.4870714729749],
            [-0.333491334367884, 39.4871772545857],
            [-0.333791205198339, 39.4874042818055],
            [-0.334013379946749, 39.4875783651212],
            [-0.334175216308059, 39.4876988762116],
            [-0.334219931663573, 39.4877432790665],
            [-0.334268051889847, 39.4877204829212],
            [-0.33442941259413, 39.4876453314323],
            [-0.33451693405111, 39.487601538868],
            [-0.334618758128957, 39.4875762449064],
            [-0.334904829289297, 39.4875173133253],
            [-0.335118325625159, 39.4874767339566],
            [-0.335322648453278, 39.487438898678],
            [-0.33546832339895, 39.4873865834537],
            [-0.335595931321105, 39.4873373041001],
            [-0.33570993076391, 39.4872912169619],
            [-0.335858658707591, 39.4871589377766],
            [-0.336045257821243, 39.4868910265211],
            [-0.336148717627902, 39.4867363764428],
            [-0.336288625851822, 39.4865387614231],
            [-0.336413362309241, 39.486422426462],
            [-0.336696321896372, 39.4862325673694],
            [-0.336991391748937, 39.4860305891082],
            [-0.337069628563484, 39.4859801855874],
            [-0.337190295701405, 39.4859442134054],
            [-0.337416056353808, 39.4859111177642],
            [-0.337681132754289, 39.4859067414385],
            [-0.337941448017889, 39.4859092281818],
            [-0.338093300602192, 39.4859301028699],
            [-0.338320639161412, 39.4859735707275],
            [-0.338588861253751, 39.4860040741005],
            [-0.338842125944452, 39.4860280453042],
            [-0.339014288452221, 39.4861050398396],
            [-0.339160476518664, 39.4861570977467],
            [-0.339272760608297, 39.4861561825669],
            [-0.339497979623089, 39.4861369799414],
            [-0.339691016898778, 39.4861379223107],
            [-0.339807121655654, 39.4861544989468],
            [-0.339963061800144, 39.486185896884],
            [-0.340228261088285, 39.4862963427955],
            [-0.340437107867305, 39.4863641392278],
            [-0.34085033533934, 39.4865300061988],
            [-0.341084461540936, 39.4866181631612],
            [-0.341254708710543, 39.4867201998863],
            [-0.341468948700457, 39.4868109730296],
            [-0.341745346468554, 39.4868921861643],
            [-0.341906899194379, 39.4869112148065],
            [-0.342139455911007, 39.4870012706363],
            [-0.342658515174954, 39.4870510871913],
            [-0.342757228635524, 39.4870646326156],
            [-0.351559825651989, 39.4815541480084],
            [-0.352651776931567, 39.480714199507],
            [-0.353321643932321, 39.48019794236],
            [-0.353893271391254, 39.47958936564],
            [-0.354671079637796, 39.4785440507115],
            [-0.352742180864397, 39.4779866159122],
            [-0.351506038842764, 39.4776116115098],
            [-0.351256105589938, 39.4782049968687],
            [-0.348466226756489, 39.478263006808],
            [-0.348557302868664, 39.4773191662985],
            [-0.346353107004526, 39.477336435455],
            [-0.347050984552413, 39.4755866644912],
            [-0.347094866532451, 39.4754866511922],
            [-0.341438133129199, 39.4737918155722],
            [-0.339995393401499, 39.4733714417195],
            [-0.340399637230912, 39.4725428811533],
            [-0.339404688869384, 39.4722678699642],
            [-0.339753516135895, 39.4715596607984],
            [-0.338776097011061, 39.4712445062969],
            [-0.338206155491405, 39.4710728414011],
            [-0.337768610368854, 39.4719459444575],
            [-0.337435810671636, 39.4726866758061],
            [-0.337104497317999, 39.4736573782409],
            [-0.335508694969669, 39.4769984912555],
            [-0.333380847413167, 39.4764131545199],
            [-0.332815524044749, 39.479188840633],
            [-0.332542450895994, 39.4804616454888],
            [-0.331510432927424, 39.4856069638557]
          ]
        ]
      },
      "properties": {
        "objectid": 137,
        "codbarrio": "5",
        "nombre": "LA CARRASCA",
        "coddistbar": "135",
        "coddistrit": "13",
        "gis.gis.BARRIOS.area": null
      }
    },
    {
      "type": "Feature",
      "id": 585,
      "geometry": {
        "type": "Polygon",
        "coordinates": [
          [
            [-0.331510432927424, 39.4856069638557],
            [-0.332542450895994, 39.4804616454888],
            [-0.332815524044749, 39.479188840633],
            [-0.333380847413167, 39.4764131545199],
            [-0.329924825569739, 39.4754648006208],
            [-0.328709414443059, 39.4751035533969],
            [-0.327698550175703, 39.4747515019704],
            [-0.326456890713187, 39.4745833152704],
            [-0.324574065337931, 39.474558016875],
            [-0.324279368400397, 39.475650286167],
            [-0.324318654410615, 39.4782637003717],
            [-0.324272505809542, 39.4799787795908],
            [-0.324505168983218, 39.4833993840398],
            [-0.324626341818174, 39.4835443134317],
            [-0.324869472146062, 39.4837955515583],
            [-0.325060154888688, 39.4840063128568],
            [-0.325225367157429, 39.4840869693363],
            [-0.325358060810713, 39.4841152121252],
            [-0.325429743350237, 39.4841282851461],
            [-0.3256405392417, 39.4841188941896],
            [-0.326212619407048, 39.4841354468957],
            [-0.326324543906508, 39.4841368511816],
            [-0.326405662575009, 39.4841527622596],
            [-0.326450631791594, 39.4841675982978],
            [-0.326460846131044, 39.4841689323792],
            [-0.326468076453285, 39.4841698644794],
            [-0.326590222242861, 39.484185773484],
            [-0.326710194821095, 39.4841858851365],
            [-0.327110907105632, 39.484165581893],
            [-0.327272199955213, 39.4841644092888],
            [-0.327554201974582, 39.4841702198106],
            [-0.327732537079728, 39.4841863749025],
            [-0.327783200386904, 39.4841909633419],
            [-0.328388688790847, 39.4843609803104],
            [-0.328844299525443, 39.4845091800624],
            [-0.329169566403848, 39.4846148068327],
            [-0.329210189159095, 39.4846278032228],
            [-0.329338935981641, 39.4846690224093],
            [-0.329528610366282, 39.4847315870188],
            [-0.329646959473264, 39.484766549082],
            [-0.32978192362254, 39.4848011631368],
            [-0.329879951425687, 39.4848251808416],
            [-0.33000510937221, 39.4848645060742],
            [-0.33012664306163, 39.4849037569067],
            [-0.330230650911698, 39.484928578367],
            [-0.330301789945463, 39.4849610677042],
            [-0.330408005375394, 39.4850223889874],
            [-0.330523258796649, 39.4851316009397],
            [-0.33062096286251, 39.48522639206],
            [-0.33070091521095, 39.4853123521549],
            [-0.330762148444504, 39.4853649283072],
            [-0.330848978802183, 39.4854242724015],
            [-0.331005909697109, 39.4854849293535],
            [-0.331058939878936, 39.4855109484211],
            [-0.33112538772878, 39.4855402755538],
            [-0.331292961442567, 39.4855816636956],
            [-0.331386268962726, 39.4855944820017],
            [-0.331497258815576, 39.4856073189429],
            [-0.331510432927424, 39.4856069638557]
          ]
        ]
      },
      "properties": {
        "objectid": 585,
        "codbarrio": "3",
        "nombre": "LA MALVA-ROSA",
        "coddistbar": "113",
        "coddistrit": "11",
        "gis.gis.BARRIOS.area": null
      }
    },
    {
      "type": "Feature",
      "id": 27,
      "geometry": {
        "type": "Polygon",
        "coordinates": [
          [
            [-0.348466226756489, 39.478263006808],
            [-0.350291135332417, 39.4782280410259],
            [-0.351256105589938, 39.4782049968687],
            [-0.351506038842764, 39.4776116115098],
            [-0.352742180864397, 39.4779866159122],
            [-0.353752466302338, 39.4758115082359],
            [-0.352476634405273, 39.4754491237334],
            [-0.350589659789671, 39.4747664956059],
            [-0.349436993108445, 39.4744339212813],
            [-0.347761263543185, 39.4739677894836],
            [-0.347094866532451, 39.4754866511922],
            [-0.347050984552413, 39.4755866644912],
            [-0.346353107004526, 39.477336435455],
            [-0.348557302868664, 39.4773191662985],
            [-0.348466226756489, 39.478263006808]
          ]
        ]
      },
      "properties": {
        "objectid": 27,
        "codbarrio": "4",
        "nombre": "LA VEGA BAIXA",
        "coddistbar": "134",
        "coddistrit": "13",
        "gis.gis.BARRIOS.area": 1934977.1875
      }
    },
    {
      "type": "Feature",
      "id": 43,
      "geometry": {
        "type": "Polygon",
        "coordinates": [
          [
            [-0.348356396359752, 39.4696616904364],
            [-0.348748444934982, 39.4687112115157],
            [-0.349850549537987, 39.4690336210599],
            [-0.350323439603664, 39.467828230243],
            [-0.351220302976662, 39.4655379271292],
            [-0.350136054681078, 39.4652249378929],
            [-0.348775986653068, 39.4648110635312],
            [-0.348261812467073, 39.4646551921058],
            [-0.347257255859706, 39.464348507965],
            [-0.346222397701079, 39.4640366098781],
            [-0.344025797690081, 39.4633693471061],
            [-0.341531351104598, 39.46262767346],
            [-0.340475677103899, 39.4623107440393],
            [-0.338541951237639, 39.4617620033179],
            [-0.337752465408442, 39.4623700288782],
            [-0.337014439700817, 39.463037793946],
            [-0.336495489003006, 39.4636745312921],
            [-0.335425064385421, 39.4659517189747],
            [-0.341780279695377, 39.4678223743555],
            [-0.34353479027039, 39.4683129136748],
            [-0.343569087847329, 39.4684803596222],
            [-0.343711549070699, 39.4686502779705],
            [-0.344083913333778, 39.4687533716388],
            [-0.344338764562901, 39.4686420820301],
            [-0.344393131338373, 39.4685307149867],
            [-0.344784195732866, 39.4686387471279],
            [-0.345724125987035, 39.4689079509795],
            [-0.34702209003104, 39.4692900599651],
            [-0.348356396359752, 39.4696616904364]
          ]
        ]
      },
      "properties": {
        "objectid": 43,
        "codbarrio": "1",
        "nombre": "AIORA",
        "coddistbar": "121",
        "coddistrit": "12",
        "gis.gis.BARRIOS.area": 6512132.5
      }
    },
    {
      "type": "Feature",
      "id": 76,
      "geometry": {
        "type": "Polygon",
        "coordinates": [
          [
            [-0.347094866532451, 39.4754866511922],
            [-0.347761263543185, 39.4739677894836],
            [-0.348127786025178, 39.473097800753],
            [-0.348719735848544, 39.4716473938421],
            [-0.348853045828987, 39.4713126068241],
            [-0.34910830367016, 39.4706743037108],
            [-0.349393860587727, 39.4699646209423],
            [-0.348356396359752, 39.4696616904364],
            [-0.34702209003104, 39.4692900599651],
            [-0.345724125987035, 39.4689079509795],
            [-0.344784195732866, 39.4686387471279],
            [-0.344393131338373, 39.4685307149867],
            [-0.344338764562901, 39.4686420820301],
            [-0.344083913333778, 39.4687533716388],
            [-0.343711549070699, 39.4686502779705],
            [-0.343051178195143, 39.4699684768495],
            [-0.342635598159321, 39.4708283098391],
            [-0.341961937778675, 39.4722272765038],
            [-0.339753516135895, 39.4715596607984],
            [-0.339404688869384, 39.4722678699642],
            [-0.340399637230912, 39.4725428811533],
            [-0.339995393401499, 39.4733714417195],
            [-0.341438133129199, 39.4737918155722],
            [-0.347094866532451, 39.4754866511922]
          ]
        ]
      },
      "properties": {
        "objectid": 76,
        "codbarrio": "2",
        "nombre": "CIUTAT JARDI",
        "coddistbar": "132",
        "coddistrit": "13",
        "gis.gis.BARRIOS.area": null
      }
    },
    {
      "type": "Feature",
      "id": 62,
      "geometry": {
        "type": "Polygon",
        "coordinates": [
          [
            [-0.334591284137401, 39.4547798462725],
            [-0.334893281740443, 39.4538318435134],
            [-0.334905748898359, 39.452629468973],
            [-0.335228727465407, 39.4506549560758],
            [-0.335426576065306, 39.4494478223603],
            [-0.335609414168978, 39.448443032175],
            [-0.335282645166168, 39.4484040190853],
            [-0.335466441218492, 39.4474127640906],
            [-0.335547659864279, 39.4465588020476],
            [-0.335733177568658, 39.444950493971],
            [-0.335786949459918, 39.4441201043214],
            [-0.335905581103305, 39.442941805833],
            [-0.336141365995629, 39.4406852767409],
            [-0.336590158960238, 39.4369164955432],
            [-0.336630856401582, 39.4360210812288],
            [-0.336530519914256, 39.4349783036289],
            [-0.335675552824388, 39.4349497097333],
            [-0.333221286609776, 39.4401228785983],
            [-0.327349967654438, 39.4462850730333],
            [-0.32709909632763, 39.4482296906051],
            [-0.331610244252752, 39.4532880934933],
            [-0.330891356733916, 39.4540643562671],
            [-0.332412121338052, 39.4548830155913],
            [-0.333259608210572, 39.4548664207178],
            [-0.334591284137401, 39.4547798462725]
          ]
        ]
      },
      "properties": {
        "objectid": 62,
        "codbarrio": "5",
        "nombre": "NATZARET",
        "coddistbar": "115",
        "coddistrit": "11",
        "gis.gis.BARRIOS.area": 9171125.625
      }
    },
    {
      "type": "Feature",
      "id": 74,
      "geometry": {
        "type": "Polygon",
        "coordinates": [
          [
            [-0.336054843067296, 39.4263417757019],
            [-0.33604144810964, 39.4274265328656],
            [-0.335930070862105, 39.4274588713954],
            [-0.335847317284818, 39.4275780529648],
            [-0.335739042638421, 39.4276832084124],
            [-0.335643008133268, 39.4279231725964],
            [-0.335538764421572, 39.4283782135806],
            [-0.335362807874899, 39.4300182843323],
            [-0.335407753545694, 39.4299789462571],
            [-0.335450176582439, 39.4297781218465],
            [-0.335514779067097, 39.4296786952495],
            [-0.335668514342679, 39.4295207725833],
            [-0.335952472780999, 39.4293658342835],
            [-0.3361230464542, 39.4293137988461],
            [-0.336233703060399, 39.4318725876735],
            [-0.336530519914256, 39.4349783036289],
            [-0.336630856401582, 39.4360210812288],
            [-0.336590158960238, 39.4369164955432],
            [-0.336141365995629, 39.4406852767409],
            [-0.335905581103305, 39.442941805833],
            [-0.335786949459918, 39.4441201043214],
            [-0.335733177568658, 39.444950493971],
            [-0.335547659864279, 39.4465588020476],
            [-0.335466441218492, 39.4474127640906],
            [-0.335282645166168, 39.4484040190853],
            [-0.335609414168978, 39.448443032175],
            [-0.335426576065306, 39.4494478223603],
            [-0.335228727465407, 39.4506549560758],
            [-0.334905748898359, 39.452629468973],
            [-0.334893281740443, 39.4538318435134],
            [-0.334591284137401, 39.4547798462725],
            [-0.341690585112771, 39.4541073079774],
            [-0.343014172632013, 39.4538195172347],
            [-0.343810156132859, 39.4538196852064],
            [-0.344853784941186, 39.4539155932911],
            [-0.345567352776006, 39.4540399982053],
            [-0.346604885753385, 39.4524421104335],
            [-0.346817345136749, 39.4522217412833],
            [-0.347081564577809, 39.4519575003086],
            [-0.348268123921382, 39.4522863637849],
            [-0.351726245097048, 39.4533291250837],
            [-0.366314269967699, 39.4470932836151],
            [-0.36627542676594, 39.4470833946275],
            [-0.366228777418701, 39.447068824332],
            [-0.365812416241151, 39.4469017345289],
            [-0.365301167715656, 39.4467279879551],
            [-0.364913495280336, 39.4465705540934],
            [-0.36470066281132, 39.4464756405576],
            [-0.364524959437817, 39.4463590465143],
            [-0.364440110242153, 39.446086858238],
            [-0.364608608274388, 39.4458744674463],
            [-0.364733751434561, 39.4456565890122],
            [-0.364813472682899, 39.4456223612555],
            [-0.365129037606958, 39.4457466299481],
            [-0.365324268036159, 39.4455573661134],
            [-0.365518548872899, 39.4443726155563],
            [-0.365727996914412, 39.4437287370775],
            [-0.365811996969938, 39.4433883058521],
            [-0.36447238377818, 39.4430561427878],
            [-0.364688136783203, 39.4425160194776],
            [-0.364795387193793, 39.4420410019035],
            [-0.364834732295651, 39.441749116415],
            [-0.365376182886208, 39.441910036117],
            [-0.365449971227707, 39.4416099222832],
            [-0.365388200472965, 39.4415724868926],
            [-0.365377305495252, 39.4414956649934],
            [-0.365442112301981, 39.441375523911],
            [-0.365542328975477, 39.4409904252421],
            [-0.369514807353631, 39.441481287222],
            [-0.369540925397554, 39.441270179964],
            [-0.370173719134826, 39.4355190383627],
            [-0.365555331038197, 39.4351441928939],
            [-0.362134983785315, 39.4348098714768],
            [-0.36138960256306, 39.4346668391719],
            [-0.359082005697365, 39.4339207727042],
            [-0.356395405376257, 39.4330219097659],
            [-0.35541385980599, 39.4326932918114],
            [-0.351136966012862, 39.4312671540706],
            [-0.348960429270773, 39.4305374061039],
            [-0.34608062758209, 39.4295348305581],
            [-0.337642533775684, 39.4265718211579],
            [-0.33684604421364, 39.4263644004012],
            [-0.336054843067296, 39.4263417757019]
          ]
        ]
      },
      "properties": {
        "objectid": 74,
        "codbarrio": "6",
        "nombre": "LA PUNTA",
        "coddistbar": "106",
        "coddistrit": "10",
        "gis.gis.BARRIOS.area": null
      }
    },
    {
      "type": "Feature",
      "id": 75,
      "geometry": {
        "type": "Polygon",
        "coordinates": [
          [
            [-0.332832774580569, 39.4286641742794],
            [-0.332779655124019, 39.4286674598251],
            [-0.332782572500964, 39.4287621100173],
            [-0.332838433508849, 39.4287633917698],
            [-0.332844190515301, 39.4289166732372],
            [-0.332788157684506, 39.4289198919368],
            [-0.332792758935318, 39.4289515282676],
            [-0.332847341346442, 39.4289482672774],
            [-0.33286752769611, 39.429237002607],
            [-0.333093635505297, 39.4292286772442],
            [-0.333095368181067, 39.4292782653225],
            [-0.332867809415628, 39.4292865573947],
            [-0.332869104051834, 39.4293856837464],
            [-0.332762509019689, 39.4294012554482],
            [-0.331729036200539, 39.4299045417415],
            [-0.330896189375182, 39.4299259603748],
            [-0.330872835395127, 39.4298533628656],
            [-0.330853759217625, 39.4298394116582],
            [-0.33082943920434, 39.429829844427],
            [-0.330647197240264, 39.4298301639218],
            [-0.330555357044739, 39.4298776031512],
            [-0.330540733629911, 39.4299943724807],
            [-0.330542432285191, 39.4300259422271],
            [-0.330552264830472, 39.4300531943779],
            [-0.330576069329795, 39.4300762630016],
            [-0.330596596320709, 39.4300902475717],
            [-0.330613102978944, 39.4300951310314],
            [-0.33066810573301, 39.4301189160855],
            [-0.332803500791622, 39.4300958454863],
            [-0.332862603283723, 39.4314755095727],
            [-0.332883086765735, 39.4314714751801],
            [-0.33288757657414, 39.4316202141162],
            [-0.333304256138388, 39.4316027477994],
            [-0.333305579790821, 39.4316253001258],
            [-0.333309871247839, 39.4316839466646],
            [-0.332890997176482, 39.4317013716516],
            [-0.332873287985012, 39.4317279916596],
            [-0.332771323793353, 39.4317932088784],
            [-0.332711838710995, 39.4317918529156],
            [-0.33157984709618, 39.4314145474575],
            [-0.330693015707906, 39.4311194268135],
            [-0.330563987302497, 39.4310759332299],
            [-0.330408995816533, 39.4310093122681],
            [-0.330271735090858, 39.4309340895558],
            [-0.330148962095043, 39.4308411908961],
            [-0.330021041987308, 39.4307121297516],
            [-0.329959020638979, 39.4306251307181],
            [-0.329882899635968, 39.43047023291],
            [-0.329853871589973, 39.4303749829212],
            [-0.329809294950288, 39.4291488007363],
            [-0.329733813726533, 39.4270976317301],
            [-0.329714534598509, 39.4270701625026],
            [-0.329643544333298, 39.4270279921778],
            [-0.329549977100403, 39.4270258426759],
            [-0.329494548576388, 39.4270515956436],
            [-0.329457268880227, 39.427095783105],
            [-0.329457884408161, 39.4274786615429],
            [-0.328898624170046, 39.427731561785],
            [-0.32427660973328, 39.4262424856977],
            [-0.324208164715839, 39.4261147962982],
            [-0.32438467957756, 39.4257900479861],
            [-0.324872290569156, 39.4248868974583],
            [-0.32510410806866, 39.4247481006057],
            [-0.325220679934707, 39.4247372698297],
            [-0.32524479431714, 39.4247333203125],
            [-0.325307648018707, 39.4247032358226],
            [-0.325364292729177, 39.424645982093],
            [-0.325393159551625, 39.4245745760344],
            [-0.32538502797891, 39.4245023186882],
            [-0.325327768118981, 39.4244244355678],
            [-0.325205966780862, 39.4243630758778],
            [-0.32514176146277, 39.4243525897005],
            [-0.324933150863077, 39.4243973375164],
            [-0.324495242061592, 39.42466652245],
            [-0.324193719208617, 39.4252226217689],
            [-0.324020998268219, 39.4255429527709],
            [-0.323930055536464, 39.425680486225],
            [-0.323803300014215, 39.4257676558388],
            [-0.323684241968887, 39.4258054542587],
            [-0.323580724573357, 39.4258165840397],
            [-0.32338285001811, 39.4257895059767],
            [-0.319227666232209, 39.4244190756138],
            [-0.314500636968316, 39.4228776440717],
            [-0.314400129194446, 39.4228482957733],
            [-0.314139303612228, 39.4227972257707],
            [-0.313978628476919, 39.4227845044425],
            [-0.313737303897719, 39.422792441127],
            [-0.313525589786506, 39.4228235835442],
            [-0.313346882770854, 39.4228644972086],
            [-0.3131752836514, 39.4229280967989],
            [-0.313015501677655, 39.4230054824336],
            [-0.312888537574919, 39.423079122088],
            [-0.312755279475017, 39.4231841467764],
            [-0.312702604715955, 39.4232324682627],
            [-0.312608674899765, 39.4233338975679],
            [-0.312483349423143, 39.4235156798149],
            [-0.309190462442946, 39.4296013472328],
            [-0.309104140891973, 39.4298065412188],
            [-0.309028368851029, 39.4301335974947],
            [-0.309016562411619, 39.4304215951843],
            [-0.309066277311237, 39.4307515564881],
            [-0.309181252126481, 39.4310650110029],
            [-0.309406034927036, 39.4314305553523],
            [-0.30977445117944, 39.4317994236634],
            [-0.314202426467701, 39.4353520394617],
            [-0.314251266159271, 39.4353846986095],
            [-0.314318409279113, 39.4354132762769],
            [-0.314351607065807, 39.4354185477078],
            [-0.314479671753116, 39.4354305153831],
            [-0.314575564534517, 39.4354102090034],
            [-0.314682277158268, 39.4353541175001],
            [-0.314753581644514, 39.4352746860214],
            [-0.314774450035382, 39.4351850895992],
            [-0.314753455328256, 39.435108030181],
            [-0.314702031553398, 39.4350482852851],
            [-0.314577320405424, 39.4349868471991],
            [-0.31451310734389, 39.4349763548852],
            [-0.311518900571885, 39.432578466303],
            [-0.311573380891498, 39.4325211695028],
            [-0.311989013599217, 39.4321163882968],
            [-0.312628331867368, 39.4314645411784],
            [-0.313360874517146, 39.430729252911],
            [-0.313637997622306, 39.430451890963],
            [-0.313728130423759, 39.4303548776412],
            [-0.313837351973856, 39.4302898360223],
            [-0.31394267373081, 39.4302697479699],
            [-0.31412243878449, 39.4302964237691],
            [-0.314256140739804, 39.4303310437482],
            [-0.314238067575388, 39.4303666611901],
            [-0.314169564419033, 39.4304866875838],
            [-0.314329420755293, 39.4305399293251],
            [-0.314403393055889, 39.4304290289455],
            [-0.314686623541827, 39.4305211556309],
            [-0.314876568837046, 39.4301697065807],
            [-0.330296831723601, 39.4351956827424],
            [-0.330111096326977, 39.4355337410476],
            [-0.330414339160979, 39.4356352981839],
            [-0.328001739397389, 39.4400886343492],
            [-0.321876336168352, 39.438096466697],
            [-0.320587184174664, 39.4405260835668],
            [-0.320570573872089, 39.4405617356755],
            [-0.32056065987576, 39.4405930377727],
            [-0.320556497249027, 39.4406064549447],
            [-0.320549871465136, 39.4406468415979],
            [-0.320547587116197, 39.4406873283331],
            [-0.320550214571163, 39.4407324326766],
            [-0.320554436140912, 39.4407550518824],
            [-0.320581629275269, 39.4408412529179],
            [-0.320596543547899, 39.4408686229936],
            [-0.320614371483427, 39.4408960602343],
            [-0.320628738628541, 39.4409189133161],
            [-0.320662914047768, 39.4409557361488],
            [-0.320694348398791, 39.4409879914082],
            [-0.320729588693904, 39.4410158300143],
            [-0.320801307059543, 39.4410580135862],
            [-0.320904947747225, 39.4411009419334],
            [-0.325515768321007, 39.4425448490697],
            [-0.32576676490581, 39.4426271897737],
            [-0.326388927318976, 39.4428396866826],
            [-0.326671751098014, 39.4429632969852],
            [-0.327092090369703, 39.4431936698673],
            [-0.327367078109801, 39.4433891683825],
            [-0.327503013417379, 39.4435184167318],
            [-0.327653761470947, 39.4436209792191],
            [-0.328006516743966, 39.4439669088231],
            [-0.328063461523323, 39.444053801153],
            [-0.328020347139465, 39.4440798362868],
            [-0.327904752110081, 39.444140240138],
            [-0.32712848773325, 39.4445007681073],
            [-0.326999560909578, 39.4443401498454],
            [-0.326661879113886, 39.4439990683127],
            [-0.325862708033774, 39.4435347595096],
            [-0.323631079178118, 39.4428753387747],
            [-0.323562289888385, 39.4428512328755],
            [-0.323126016248332, 39.4427150722988],
            [-0.322779740418612, 39.4425989916406],
            [-0.322443997667478, 39.4424921703729],
            [-0.322243102967121, 39.4424289943227],
            [-0.322185191741848, 39.44240513823],
            [-0.322006450071883, 39.442351471903],
            [-0.321375802473465, 39.4421522692545],
            [-0.32102773612117, 39.4420451599191],
            [-0.320910303251073, 39.4420019137622],
            [-0.320727929927954, 39.4419481707839],
            [-0.320420869742113, 39.4418510046386],
            [-0.320324310565082, 39.4418127525039],
            [-0.320242089651714, 39.4417793262371],
            [-0.32014265829144, 39.4417590162297],
            [-0.320041258158371, 39.4417521738718],
            [-0.319960386101786, 39.4417593178949],
            [-0.319793241532832, 39.4418005074961],
            [-0.319717512317337, 39.4418438049488],
            [-0.319638749123216, 39.4419095542642],
            [-0.319528981217097, 39.4420826845114],
            [-0.319458159751088, 39.4422251912339],
            [-0.319410069698762, 39.4423051609061],
            [-0.319351494403628, 39.4424119149832],
            [-0.319309035998977, 39.4424965098606],
            [-0.319302886483273, 39.4425053767795],
            [-0.319252279957425, 39.4425942970899],
            [-0.319170050633992, 39.4427500536244],
            [-0.31914693252927, 39.4428035729017],
            [-0.319103195220931, 39.4428836338205],
            [-0.319033091723494, 39.4430261568101],
            [-0.319002902368499, 39.4430750085718],
            [-0.318987528343571, 39.4430971758184],
            [-0.3189660046918, 39.4431282099596],
            [-0.318950285287341, 39.4431593779834],
            [-0.318926810240959, 39.4432218887174],
            [-0.318890298397845, 39.4432841077279],
            [-0.318838573429055, 39.4433639932876],
            [-0.318823342989356, 39.4433636419502],
            [-0.316090264955942, 39.4433591465485],
            [-0.316097551926316, 39.4434719241291],
            [-0.316262962296136, 39.4434757436131],
            [-0.31626742010699, 39.4434353071918],
            [-0.317736347297756, 39.4434376670923],
            [-0.317626104596258, 39.4438315077724],
            [-0.317555347265123, 39.4438208660272],
            [-0.317522898851307, 39.4439282220978],
            [-0.317740083052348, 39.4439647650023],
            [-0.317776872786785, 39.4438575090538],
            [-0.317659306651876, 39.4438367783965],
            [-0.317736594632357, 39.4435637952612],
            [-0.31777117300453, 39.4434384707789],
            [-0.318694002922426, 39.4434417369781],
            [-0.318712998563893, 39.4438926126129],
            [-0.31861074546237, 39.4440974548714],
            [-0.325064131364253, 39.4461469312376],
            [-0.325646330765913, 39.4496421760551],
            [-0.325359075414439, 39.4496716098642],
            [-0.325247940849403, 39.4498807579222],
            [-0.321482485969952, 39.4486679821879],
            [-0.321615498840049, 39.4484188026313],
            [-0.321387360956062, 39.4483459884036],
            [-0.320580771659303, 39.4498543694419],
            [-0.320644095359104, 39.4498693424068],
            [-0.320676062913932, 39.4498880968534],
            [-0.321812457733923, 39.4502521077791],
            [-0.323437978321681, 39.4507579908713],
            [-0.323476644228189, 39.4507723944433],
            [-0.323471225860789, 39.450781278409],
            [-0.323596812049771, 39.4508201964775],
            [-0.323473929642354, 39.4510515940581],
            [-0.326225770087726, 39.4519211904372],
            [-0.326261452110056, 39.4520706556814],
            [-0.325965456434885, 39.4526313969337],
            [-0.325590090169885, 39.4525146549066],
            [-0.325561451614357, 39.4525230046406],
            [-0.325550603490574, 39.452540772503],
            [-0.325576412315824, 39.4525683926453],
            [-0.325419192418534, 39.452862063338],
            [-0.325441509069776, 39.4528670812781],
            [-0.325462588937289, 39.4528855838728],
            [-0.32545554704292, 39.4528989349416],
            [-0.326496523177691, 39.4532336785382],
            [-0.326486578868445, 39.4532469629048],
            [-0.326334529012983, 39.4534056225563],
            [-0.325347481964979, 39.4531036492139],
            [-0.325341879695414, 39.4531170334057],
            [-0.32531012384258, 39.4531117982144],
            [-0.325297793760239, 39.4531115144519],
            [-0.325274473562229, 39.4531515171192],
            [-0.323958871304944, 39.452914040148],
            [-0.323939934421693, 39.452972160957],
            [-0.323963713871957, 39.4529772128623],
            [-0.323888364282858, 39.4532187139829],
            [-0.323862413640843, 39.453213612067],
            [-0.323818615279571, 39.4533522390777],
            [-0.323831504410658, 39.4533570402428],
            [-0.323811805706546, 39.4533971259951],
            [-0.3237943902863, 39.4533967249735],
            [-0.323288848742673, 39.4533986049459],
            [-0.323270713492438, 39.453398187267],
            [-0.323198524177645, 39.4534055333663],
            [-0.323177313889602, 39.4534095492199],
            [-0.323137439323644, 39.4534266482994],
            [-0.323112797427809, 39.4534440982165],
            [-0.323099045966268, 39.453461798967],
            [-0.323082778423908, 39.4534884505055],
            [-0.323045015439692, 39.4535641550153],
            [-0.322943639772902, 39.4537645166491],
            [-0.322908779060369, 39.4538402879601],
            [-0.322903015384271, 39.4538581726801],
            [-0.322902152939387, 39.453880674669],
            [-0.322910718102405, 39.4539033938192],
            [-0.322846557719722, 39.4540235339079],
            [-0.32692539694794, 39.4553110328488],
            [-0.326837029642248, 39.4554756621449],
            [-0.327019945958124, 39.4555924695722],
            [-0.326934839441078, 39.4556715908493],
            [-0.326025247074996, 39.4565515498766],
            [-0.325824807470673, 39.4567406259274],
            [-0.325716518622018, 39.4568372303269],
            [-0.325698413008843, 39.4568548311844],
            [-0.325670362368221, 39.4568857163051],
            [-0.325651352914521, 39.4569078007275],
            [-0.325629827548935, 39.4569388359936],
            [-0.325611764038957, 39.4569744552899],
            [-0.325598215319922, 39.457005674106],
            [-0.325588128464854, 39.4570414769557],
            [-0.325581503476643, 39.4570818638399],
            [-0.325579565979678, 39.457113340842],
            [-0.325580714812898, 39.4571403935045],
            [-0.325585861458942, 39.4571765469067],
            [-0.325590977576799, 39.4571946821225],
            [-0.325607949647412, 39.4572446207622],
            [-0.325624891200363, 39.4572765412137],
            [-0.325640542122483, 39.4573039275925],
            [-0.325659279737849, 39.4573268806275],
            [-0.32569618423397, 39.4573682691847],
            [-0.32571364284352, 39.457386688409],
            [-0.325766684810353, 39.4574239439112],
            [-0.325810643370264, 39.4574519816375],
            [-0.325907226613317, 39.4574902389594],
            [-0.326040611229815, 39.457515829827],
            [-0.326131875442954, 39.4575224339851],
            [-0.326275875309402, 39.4574987207295],
            [-0.326318470738357, 39.4574861785558],
            [-0.326351637691147, 39.4574734284688],
            [-0.326390794019417, 39.4574563117874],
            [-0.326436088772937, 39.457430327563],
            [-0.326456924825395, 39.4574172937753],
            [-0.326501844207043, 39.4573822921464],
            [-0.326510177109278, 39.4573734750948],
            [-0.326540958062442, 39.4573471569502],
            [-0.326553848119997, 39.4573519578417],
            [-0.328012914958578, 39.4559306001882],
            [-0.329552120901739, 39.4567992689742],
            [-0.329740494716972, 39.4569252153369],
            [-0.329889769131276, 39.457086289083],
            [-0.330304793282119, 39.4575913046515],
            [-0.330053241304684, 39.4577116483337],
            [-0.330867296606384, 39.4587032740515],
            [-0.330856964775009, 39.458707541136],
            [-0.330608140338817, 39.458832452986],
            [-0.331420388191159, 39.4598150336489],
            [-0.331184247578025, 39.459931229185],
            [-0.331119494119672, 39.4601054127048],
            [-0.331329135074879, 39.4602453580742],
            [-0.331263067972811, 39.4603204152967],
            [-0.33102386113211, 39.4605356362653],
            [-0.330215307329404, 39.4612422683275],
            [-0.329792284457469, 39.4616109167367],
            [-0.329634226834343, 39.4615081888574],
            [-0.329617540846001, 39.4615078054485],
            [-0.329578007205691, 39.4615159057813],
            [-0.329545934460218, 39.4615376906547],
            [-0.329498110823135, 39.4615726266932],
            [-0.329408022617398, 39.4616110958591],
            [-0.329309968342273, 39.4616493908975],
            [-0.329179411091825, 39.4616824255007],
            [-0.329064604711869, 39.4617023088432],
            [-0.328954680718218, 39.4617087911753],
            [-0.328772872161565, 39.4616956036569],
            [-0.328729887640958, 39.4616991200083],
            [-0.328690901566697, 39.4617117369927],
            [-0.328673699046495, 39.4617248546855],
            [-0.328633777988696, 39.4617239370478],
            [-0.328607407578851, 39.4619575581327],
            [-0.326442561533919, 39.4617951839929],
            [-0.32642080983421, 39.4619838670671],
            [-0.325989146250098, 39.4619514137486],
            [-0.326001229059992, 39.4618255694519],
            [-0.325967845419352, 39.4618248013169],
            [-0.325966424520491, 39.4618427860961],
            [-0.325875886241085, 39.4618361984537],
            [-0.325876877820657, 39.461791186596],
            [-0.32584617908361, 39.4616823753671],
            [-0.325963728266425, 39.4614958966961],
            [-0.325912165227532, 39.4614766927734],
            [-0.325731534081373, 39.4614139795403],
            [-0.325589769022628, 39.4616449443848],
            [-0.325240106881586, 39.4615197836219],
            [-0.325250225074461, 39.4615019990266],
            [-0.325564133122386, 39.4609867166497],
            [-0.325529815539807, 39.4609724137947],
            [-0.325189681088434, 39.4615276317624],
            [-0.325138605079332, 39.4614769081319],
            [-0.325017844981346, 39.4613299978224],
            [-0.324584099066753, 39.4607074282132],
            [-0.325197669933024, 39.4604467762505],
            [-0.325073775752909, 39.4602682542742],
            [-0.324460206068244, 39.4605289056272],
            [-0.324084325381083, 39.4599887449862],
            [-0.324301305982351, 39.4598991401086],
            [-0.324313462859222, 39.4598093416436],
            [-0.324119102124732, 39.4596877530582],
            [-0.324849879737594, 39.4589838779135],
            [-0.325319566975206, 39.4585352428214],
            [-0.325396690470373, 39.4584559390986],
            [-0.325438635712438, 39.4583848344928],
            [-0.325463508899221, 39.4583043282473],
            [-0.325464397843355, 39.4582052525614],
            [-0.325427895478136, 39.4580963076332],
            [-0.325353312568065, 39.4579954950478],
            [-0.325262117287743, 39.4579303350456],
            [-0.325160073049914, 39.4578829427567],
            [-0.325056607960661, 39.4578535351563],
            [-0.324993639547551, 39.4578475814437],
            [-0.324902933834903, 39.4578455026213],
            [-0.324821870957071, 39.4578571497952],
            [-0.324718347784363, 39.4578862973662],
            [-0.324625906748791, 39.4579292130691],
            [-0.324540044482941, 39.4579902976267],
            [-0.324473383255122, 39.4580428154227],
            [-0.324339209995811, 39.4581703531545],
            [-0.323786427475171, 39.4587026537931],
            [-0.323560841561567, 39.4585623277736],
            [-0.323490615125766, 39.4584616143492],
            [-0.323227794137615, 39.4585726837945],
            [-0.3232175928834, 39.4585544313594],
            [-0.323186494876443, 39.4585131757701],
            [-0.323127362638898, 39.458426230768],
            [-0.323104414070259, 39.4583806584979],
            [-0.322329265751556, 39.4572862664593],
            [-0.320822540612474, 39.4551570464253],
            [-0.314934711309945, 39.4468413437923],
            [-0.314558454964197, 39.4469948171297],
            [-0.31460447928085, 39.4470634460729],
            [-0.314542867176494, 39.4470980574562],
            [-0.314465467466944, 39.4473169741344],
            [-0.31435955191857, 39.4476163194749],
            [-0.31428013003292, 39.4479252856527],
            [-0.314277111773961, 39.4482495304279],
            [-0.314295927576026, 39.4485157229467],
            [-0.313695834318323, 39.4485784287028],
            [-0.313692840725287, 39.4489206914438],
            [-0.313556669566709, 39.4489490745785],
            [-0.313745906040452, 39.4505434720358],
            [-0.313869833577596, 39.450568858144],
            [-0.313827563419935, 39.4506669772525],
            [-0.313786862256848, 39.4507245933093],
            [-0.312349592761074, 39.4507634530822],
            [-0.312214292508447, 39.4500711562553],
            [-0.309940236754212, 39.4500771275667],
            [-0.309941124693282, 39.4501672263903],
            [-0.309941359556342, 39.4508023471215],
            [-0.309370697309267, 39.4507981459773],
            [-0.309367421762411, 39.4507890614194],
            [-0.309342712743565, 39.4507704809392],
            [-0.309316937593987, 39.4507608754891],
            [-0.309200652421439, 39.4507446701964],
            [-0.309152204351555, 39.4507390441422],
            [-0.309044441562784, 39.4507275403721],
            [-0.308945721211787, 39.4507072371492],
            [-0.308878381136007, 39.4506831560945],
            [-0.308813770152796, 39.4506636425577],
            [-0.308620096182333, 39.450582583601],
            [-0.308491183219968, 39.4505165461955],
            [-0.308369685709865, 39.450428149564],
            [-0.308253024583772, 39.4503083342811],
            [-0.30814154679719, 39.450148099672],
            [-0.308069263395645, 39.4499887727797],
            [-0.308042886236772, 39.4498440312322],
            [-0.308039901969317, 39.4496953181358],
            [-0.308044939163716, 39.4494702166584],
            [-0.308043808702368, 39.4494431642963],
            [-0.30804665524232, 39.4493126036977],
            [-0.308045223675576, 39.4492179789131],
            [-0.308049321820256, 39.44907393421],
            [-0.308050717121671, 39.4489433399911],
            [-0.308059168372274, 39.4487994051167],
            [-0.308100039701227, 39.4486246815832],
            [-0.308125128109232, 39.4485576972082],
            [-0.30817500734403, 39.4484507477289],
            [-0.308228014494623, 39.4483754012152],
            [-0.308285386619063, 39.448300155767],
            [-0.308353809897569, 39.44822066186],
            [-0.308459032109214, 39.4481285070211],
            [-0.308610479759304, 39.4480239094364],
            [-0.308704702731596, 39.4479720389366],
            [-0.308844989421007, 39.4479122262372],
            [-0.309007043508055, 39.4478529083486],
            [-0.309148087516644, 39.44781113027],
            [-0.309330125102692, 39.4477793097832],
            [-0.309492069473108, 39.4477605369629],
            [-0.309559900421924, 39.4477530984488],
            [-0.309669245047814, 39.4477421164843],
            [-0.309688976518448, 39.4477200513949],
            [-0.310066659158357, 39.44785040207],
            [-0.310519024538985, 39.4470410852658],
            [-0.31282133513161, 39.4429188063758],
            [-0.312418631586598, 39.442778877519],
            [-0.311990118267415, 39.4426113241614],
            [-0.311938345516135, 39.442560578735],
            [-0.311869110140035, 39.4422842199173],
            [-0.311844058032771, 39.4420674307422],
            [-0.311995473499791, 39.4420574194848],
            [-0.313247255289146, 39.4419467179205],
            [-0.313401757101573, 39.4419322717948],
            [-0.313409319114223, 39.4419054203591],
            [-0.313401411227102, 39.4418466807419],
            [-0.313390880339402, 39.4418374285806],
            [-0.313341372198131, 39.4418407885738],
            [-0.313344514082841, 39.4418723917991],
            [-0.310421331245379, 39.4421291268256],
            [-0.310400150643838, 39.4421511585425],
            [-0.310375721855924, 39.4421821148195],
            [-0.310341547121971, 39.442239880783],
            [-0.309927904338032, 39.4429870328161],
            [-0.308419373886162, 39.4457087626854],
            [-0.308064457370913, 39.4463446671394],
            [-0.307717581557792, 39.4469221999034],
            [-0.307697650237445, 39.446930746933],
            [-0.307656535928106, 39.4469613250797],
            [-0.307640984031706, 39.4469879910055],
            [-0.307610374459573, 39.4470098037492],
            [-0.30758199943116, 39.4470677031627],
            [-0.307558844936282, 39.4471032016856],
            [-0.307436776159079, 39.4471048781631],
            [-0.306905499072439, 39.447097073287],
            [-0.30632688074528, 39.44709268216],
            [-0.305007699395164, 39.4470846315766],
            [-0.304177874191545, 39.4470789088907],
            [-0.30408645297555, 39.4470767883449],
            [-0.304015532864142, 39.4470706389179],
            [-0.303980333311982, 39.4470608136887],
            [-0.303924433923934, 39.4470414995509],
            [-0.303891021262432, 39.4470227070224],
            [-0.303835059849232, 39.4469673655197],
            [-0.303807017626993, 39.4469036539346],
            [-0.303806286371586, 39.4467910279309],
            [-0.303812874452997, 39.4465074059731],
            [-0.303832934802593, 39.4456115122832],
            [-0.303957729379039, 39.4456144071614],
            [-0.303988376131852, 39.4456106136956],
            [-0.304002503085331, 39.4456019326635],
            [-0.304054742673422, 39.4456031444128],
            [-0.304058227716008, 39.4456257470636],
            [-0.304235250695318, 39.4456298440999],
            [-0.304274604046749, 39.4456262525009],
            [-0.304275323030814, 39.4455136601092],
            [-0.304055313499842, 39.4455130704024],
            [-0.304055896343154, 39.4455356057348],
            [-0.304010018897948, 39.4455390459264],
            [-0.303992221674837, 39.445529624373],
            [-0.303942338254063, 39.445523962889],
            [-0.303908231648863, 39.4455231717224],
            [-0.303826006642612, 39.445521264318],
            [-0.303821860444343, 39.4455031506859],
            [-0.303823051022751, 39.4454536303178],
            [-0.303823969465453, 39.4453545556489],
            [-0.303825347109568, 39.4452059436426],
            [-0.303831027904961, 39.4451340056217],
            [-0.303837353251526, 39.4451206392665],
            [-0.303839871405995, 39.4451116889562],
            [-0.303833831598109, 39.4450800183086],
            [-0.303824889619049, 39.445048280337],
            [-0.303820399308354, 39.4449580889177],
            [-0.30382058601449, 39.4448590062764],
            [-0.303822062088701, 39.4447644488982],
            [-0.303809312977613, 39.4447371269709],
            [-0.303787000683185, 39.4447321050108],
            [-0.303765408128456, 39.4447270997431],
            [-0.30345633949968, 39.444719929518],
            [-0.30262778409636, 39.4447007124302],
            [-0.302662710164944, 39.4428187174183],
            [-0.302818681002222, 39.4343453365871],
            [-0.302876443725678, 39.4342971288835],
            [-0.302963991488496, 39.4342676297422],
            [-0.303105606896175, 39.4342664112456],
            [-0.303284410370493, 39.4342615509999],
            [-0.303343833929382, 39.4342268946979],
            [-0.303384098475916, 39.4340116191212],
            [-0.303379907181953, 39.4338944172965],
            [-0.303342929338782, 39.433798967662],
            [-0.303239087086812, 39.4337244885636],
            [-0.303125648551791, 39.4336723085676],
            [-0.303020590867438, 39.4336293406687],
            [-0.302796751090496, 39.4335971205282],
            [-0.302590792016553, 39.4336283760702],
            [-0.302438749303719, 39.4336924131186],
            [-0.302316677998812, 39.4337886761502],
            [-0.302235068190782, 39.4338903825195],
            [-0.302196600351577, 39.4339840724139],
            [-0.302188140232103, 39.4341280158361],
            [-0.30196173791999, 39.4491039943348],
            [-0.301967777116955, 39.449135665043],
            [-0.301976928629519, 39.4491809210776],
            [-0.302008183740917, 39.449217681508],
            [-0.302049782508744, 39.4492501776854],
            [-0.302119314191927, 39.4492923309768],
            [-0.302216429893486, 39.4493351245162],
            [-0.302292089414291, 39.4493503937921],
            [-0.302372425412692, 39.4493387454099],
            [-0.302434045222282, 39.449304140769],
            [-0.302455404330189, 39.4492776103637],
            [-0.302546347139592, 39.4492166600929],
            [-0.303934897054821, 39.4496677665817],
            [-0.305589520534218, 39.4502061038727],
            [-0.3068419817742, 39.4506089772555],
            [-0.307485372402465, 39.4508175630182],
            [-0.307633248578351, 39.4508435105847],
            [-0.308231264964223, 39.4509294233339],
            [-0.308921994163994, 39.450927401541],
            [-0.311081803299956, 39.450927825078],
            [-0.311455648316356, 39.4509319604004],
            [-0.311475099351282, 39.4509549321793],
            [-0.31150741118959, 39.4509646883631],
            [-0.311522469989959, 39.4509695410728],
            [-0.31155008177724, 39.4509881972512],
            [-0.311563381572064, 39.4510200354541],
            [-0.311598996312013, 39.451056894203],
            [-0.311640388961471, 39.4510758691331],
            [-0.311672354490663, 39.4510946259904],
            [-0.311701964204345, 39.4511178327119],
            [-0.311739003247817, 39.4511367069052],
            [-0.320081093189287, 39.4630270421362],
            [-0.321126034509305, 39.4630916644477],
            [-0.322403996461541, 39.4631030897403],
            [-0.322606949575549, 39.4630762261139],
            [-0.324211770029126, 39.4630501177373],
            [-0.327298760264165, 39.4630895963879],
            [-0.329002159440977, 39.4629170446069],
            [-0.330163060572196, 39.4628175889718],
            [-0.331158221898358, 39.4629305254327],
            [-0.334194003540938, 39.4632839506895],
            [-0.336495489003006, 39.4636745312921],
            [-0.337014439700817, 39.463037793946],
            [-0.337752465408442, 39.4623700288782],
            [-0.338541951237639, 39.4617620033179],
            [-0.339430866486976, 39.4610796740673],
            [-0.339845151429173, 39.4605576409968],
            [-0.339895883801332, 39.4604461927585],
            [-0.340070114320439, 39.4600673083915],
            [-0.340620854553782, 39.4582511428377],
            [-0.340831173273502, 39.4578405414455],
            [-0.341690585112771, 39.4541073079774],
            [-0.334591284137401, 39.4547798462725],
            [-0.333259608210572, 39.4548664207178],
            [-0.332412121338052, 39.4548830155913],
            [-0.330891356733916, 39.4540643562671],
            [-0.331610244252752, 39.4532880934933],
            [-0.32709909632763, 39.4482296906051],
            [-0.327349967654438, 39.4462850730333],
            [-0.333221286609776, 39.4401228785983],
            [-0.335675552824388, 39.4349497097333],
            [-0.336530519914256, 39.4349783036289],
            [-0.336233703060399, 39.4318725876735],
            [-0.3361230464542, 39.4293137988461],
            [-0.335952472780999, 39.4293658342835],
            [-0.335668514342679, 39.4295207725833],
            [-0.335514779067097, 39.4296786952495],
            [-0.335450176582439, 39.4297781218465],
            [-0.335407753545694, 39.4299789462571],
            [-0.335362807874899, 39.4300182843323],
            [-0.335538764421572, 39.4283782135806],
            [-0.335643008133268, 39.4279231725964],
            [-0.335739042638421, 39.4276832084124],
            [-0.335847317284818, 39.4275780529648],
            [-0.335930070862105, 39.4274588713954],
            [-0.33604144810964, 39.4274265328656],
            [-0.336054843067296, 39.4263417757019],
            [-0.335610073379991, 39.4272864870686],
            [-0.334160670134334, 39.4267622951166],
            [-0.333969395114062, 39.4270371808714],
            [-0.333832913748606, 39.426979997831],
            [-0.333298629140398, 39.4267695577244],
            [-0.333272311151745, 39.4267554407791],
            [-0.333249270914079, 39.4267504078136],
            [-0.333175830913913, 39.4267532273764],
            [-0.333136145851551, 39.4267658301021],
            [-0.333095774105649, 39.4267964346385],
            [-0.333061374553676, 39.4268181673909],
            [-0.33301730673948, 39.4268171563379],
            [-0.332975030608754, 39.4268026731922],
            [-0.330820983744569, 39.4260055382178],
            [-0.330766555051588, 39.4259862708337],
            [-0.330677469224645, 39.4259617031928],
            [-0.330601644064207, 39.4259509531829],
            [-0.330509141071146, 39.425939829131],
            [-0.326361874067132, 39.4255157205214],
            [-0.326349537232977, 39.4255154367681],
            [-0.32632108210444, 39.4255192866717],
            [-0.326297526557043, 39.4255277536543],
            [-0.326241539084747, 39.4255489878261],
            [-0.326230308752963, 39.4255577382925],
            [-0.326210213658401, 39.4255707892434],
            [-0.326176576975204, 39.425615059441],
            [-0.32609675843197, 39.4257843902582],
            [-0.326093758710746, 39.4258248607692],
            [-0.326097981459637, 39.4258474798557],
            [-0.326111831632317, 39.4258838245608],
            [-0.326128207574293, 39.4259112275916],
            [-0.326161100481308, 39.4259435149386],
            [-0.326231516795484, 39.4259811697727],
            [-0.326246583045628, 39.4259860207104],
            [-0.326319322269464, 39.4260012069706],
            [-0.326352141360232, 39.4259974574436],
            [-0.326400359293452, 39.4259895576941],
            [-0.326427535983794, 39.4259811739789],
            [-0.326469575642853, 39.4259641233193],
            [-0.326500901175527, 39.4259423218366],
            [-0.326526595900808, 39.4259158864513],
            [-0.326555149210583, 39.4258714992417],
            [-0.326584394762703, 39.4257145271864],
            [-0.329410087104079, 39.4260136810376],
            [-0.329422565226875, 39.4263517881395],
            [-0.329440909024222, 39.4263657227493],
            [-0.329499357613192, 39.4263940918896],
            [-0.329555592358083, 39.4264043925725],
            [-0.329584607338058, 39.4264050501231],
            [-0.329644774549915, 39.4263884237564],
            [-0.329700890015653, 39.4263446689182],
            [-0.329689936936286, 39.4260426320063],
            [-0.330635595583044, 39.4261454217573],
            [-0.332751708839942, 39.4269281765958],
            [-0.332755656384075, 39.4269958240815],
            [-0.332698185955136, 39.4269990097689],
            [-0.332697875359533, 39.4270260290078],
            [-0.332754626239567, 39.4270228268103],
            [-0.332809921947548, 39.4281411492773],
            [-0.33271846159125, 39.4281976077733],
            [-0.330269877897312, 39.4282675375154],
            [-0.330272244159981, 39.4283576706887],
            [-0.332725354698928, 39.428283349421],
            [-0.332820656350906, 39.4283350845078],
            [-0.332832774580569, 39.4286641742794]
          ]
        ]
      },
      "properties": {
        "objectid": 75,
        "codbarrio": "1",
        "nombre": "EL GRAU",
        "coddistbar": "111",
        "coddistrit": "11",
        "gis.gis.BARRIOS.area": null
      }
    },
    {
      "type": "Feature",
      "id": 49,
      "geometry": {
        "type": "Polygon",
        "coordinates": [
          [
            [-0.376527260108427, 39.4673507672208],
            [-0.376860579476171, 39.4664258892992],
            [-0.378077984869677, 39.463043555533],
            [-0.3786309006363, 39.4615695836696],
            [-0.378726181488061, 39.4613149816263],
            [-0.381238890373251, 39.4546285719578],
            [-0.379835715131213, 39.4552275554416],
            [-0.378433967864479, 39.4558265538552],
            [-0.377182213374419, 39.4563568585421],
            [-0.375768723561347, 39.4569195239181],
            [-0.373967087109866, 39.4576625781728],
            [-0.371441500500219, 39.4587270717517],
            [-0.369244338949882, 39.4596322723184],
            [-0.368267566455173, 39.4600515889144],
            [-0.366278812634398, 39.4608983898609],
            [-0.366120236959028, 39.4609623620746],
            [-0.365249423627018, 39.4613254969707],
            [-0.365008192259543, 39.4614236198911],
            [-0.362514278400814, 39.4625073792158],
            [-0.363329886551174, 39.4626647945998],
            [-0.365013210240367, 39.4630227851032],
            [-0.36668716395207, 39.4633985656306],
            [-0.368290648208162, 39.46373668223],
            [-0.369777619796495, 39.46406314014],
            [-0.371805441705005, 39.4645144126131],
            [-0.373853963648873, 39.4649571178698],
            [-0.374457864810186, 39.4661283846771],
            [-0.37491579380279, 39.4671251929987],
            [-0.376527260108427, 39.4673507672208]
          ]
        ]
      },
      "properties": {
        "objectid": 49,
        "codbarrio": "1",
        "nombre": "RUSSAFA",
        "coddistbar": "021",
        "coddistrit": "2",
        "gis.gis.BARRIOS.area": 8777031.875
      }
    },
    {
      "type": "Feature",
      "id": 45,
      "geometry": {
        "type": "Polygon",
        "coordinates": [
          [
            [-0.36240056333859, 39.4683822658262],
            [-0.363131334836451, 39.4694213460754],
            [-0.365776299367852, 39.4683642509789],
            [-0.366929554951694, 39.4678723903633],
            [-0.368070672714162, 39.4673937563664],
            [-0.36917136438921, 39.4669277089736],
            [-0.370197531695799, 39.4664914863249],
            [-0.371205026976585, 39.4660683542702],
            [-0.373853963648873, 39.4649571178698],
            [-0.371805441705005, 39.4645144126131],
            [-0.369777619796495, 39.46406314014],
            [-0.368290648208162, 39.46373668223],
            [-0.36668716395207, 39.4633985656306],
            [-0.365013210240367, 39.4630227851032],
            [-0.363329886551174, 39.4626647945998],
            [-0.362514278400814, 39.4625073792158],
            [-0.359969386904238, 39.4634284425605],
            [-0.36015202564491, 39.4641421456033],
            [-0.361067265763365, 39.4659106266586],
            [-0.361766157254677, 39.4671967238948],
            [-0.36240056333859, 39.4683822658262]
          ]
        ]
      },
      "properties": {
        "objectid": 45,
        "codbarrio": "3",
        "nombre": "LA GRAN VIA",
        "coddistbar": "023",
        "coddistrit": "2",
        "gis.gis.BARRIOS.area": 4685680.625
      }
    },
    {
      "type": "Feature",
      "id": 52,
      "geometry": {
        "type": "Polygon",
        "coordinates": [
          [
            [-0.362514278400814, 39.4625073792158],
            [-0.365008192259543, 39.4614236198911],
            [-0.365249423627018, 39.4613254969707],
            [-0.366120236959028, 39.4609623620746],
            [-0.366278812634398, 39.4608983898609],
            [-0.368267566455173, 39.4600515889144],
            [-0.369244338949882, 39.4596322723184],
            [-0.368800284043653, 39.4588294543345],
            [-0.368545250302473, 39.4582921608697],
            [-0.368379992625787, 39.4579550933447],
            [-0.368002606357652, 39.4571762949207],
            [-0.367960665415004, 39.4570942658811],
            [-0.367364997370441, 39.4562294516024],
            [-0.366755882785621, 39.4552787370364],
            [-0.364196509697881, 39.4563332896598],
            [-0.363152692474212, 39.4567780693904],
            [-0.361322180848384, 39.4575518015025],
            [-0.360134949176166, 39.4580428367403],
            [-0.358824158932983, 39.4585355651096],
            [-0.358386740057554, 39.4590391153792],
            [-0.35910892649296, 39.4594564192061],
            [-0.359004098489897, 39.4596927699283],
            [-0.357882424010485, 39.4600816701211],
            [-0.358969525216066, 39.4619126406413],
            [-0.359153904308958, 39.4622231291582],
            [-0.359969386904238, 39.4634284425605],
            [-0.362514278400814, 39.4625073792158]
          ]
        ]
      },
      "properties": {
        "objectid": 52,
        "codbarrio": "1",
        "nombre": "MONTOLIVET",
        "coddistbar": "101",
        "coddistrit": "10",
        "gis.gis.BARRIOS.area": 4732563.125
      }
    },
    {
      "type": "Feature",
      "id": 220,
      "geometry": {
        "type": "Polygon",
        "coordinates": [
          [
            [-0.412930429822992, 39.4631259802363],
            [-0.408416895547856, 39.4633539995647],
            [-0.405694627067881, 39.46349143971],
            [-0.405593090553802, 39.46349654233],
            [-0.405598882942069, 39.4635486616873],
            [-0.406106003308035, 39.4680418541341],
            [-0.405808240308664, 39.4690757197463],
            [-0.405547586844995, 39.4697951125073],
            [-0.40629214887842, 39.4699333517485],
            [-0.407503556484684, 39.4699423736072],
            [-0.41015399803472, 39.469758248899],
            [-0.410327985943325, 39.4697486128635],
            [-0.409929983076424, 39.4660461341035],
            [-0.411653737985489, 39.4659165859532],
            [-0.411750274854247, 39.4656930822405],
            [-0.411810247314184, 39.465520339817],
            [-0.411940023288498, 39.4653529806062],
            [-0.412000817160494, 39.465277840253],
            [-0.412031833215409, 39.4652287390056],
            [-0.412038188153664, 39.4652030971829],
            [-0.412046656139634, 39.4651392598331],
            [-0.412054464321514, 39.4651089027047],
            [-0.412104507776743, 39.4649697672447],
            [-0.412122914011291, 39.4649344389872],
            [-0.412136998434854, 39.4649109782482],
            [-0.412203262744272, 39.4647565825817],
            [-0.41228020189607, 39.4645832176825],
            [-0.412304969575788, 39.4645226891306],
            [-0.41236629930085, 39.4643797418419],
            [-0.412399807079989, 39.4642721654349],
            [-0.412413500382698, 39.4641899401999],
            [-0.412419245217252, 39.4641205377681],
            [-0.412440145528054, 39.4640749768702],
            [-0.412473312588926, 39.4640283377522],
            [-0.412521378329233, 39.4640036876162],
            [-0.412533377529575, 39.4639693697711],
            [-0.412533389433366, 39.4639220014762],
            [-0.412565236975666, 39.4638761527578],
            [-0.412590338957415, 39.4638461085339],
            [-0.412625008851871, 39.4638062684773],
            [-0.412635433817357, 39.4637604833351],
            [-0.412641511783588, 39.4637376010228],
            [-0.412647851511504, 39.463707967896],
            [-0.412697150105844, 39.46360831938],
            [-0.412743094395469, 39.4635054070317],
            [-0.412803357351531, 39.4634153537453],
            [-0.412867894847988, 39.4633347737994],
            [-0.412900212255177, 39.4632912867512],
            [-0.412890687493289, 39.4632139679218],
            [-0.41289765273067, 39.4631777992632],
            [-0.41290742123012, 39.4631594494623],
            [-0.412930429822992, 39.4631259802363]
          ]
        ]
      },
      "properties": {
        "objectid": 220,
        "codbarrio": "4",
        "nombre": "LA FONTSANTA",
        "coddistbar": "074",
        "coddistrit": "7",
        "gis.gis.BARRIOS.area": null
      }
    },
    {
      "type": "Feature",
      "id": 89,
      "geometry": {
        "type": "Polygon",
        "coordinates": [
          [
            [-0.414352563509056, 39.4595933810394],
            [-0.409208497385736, 39.4523096541943],
            [-0.407289593557399, 39.4539154590731],
            [-0.405547148120189, 39.4552459045685],
            [-0.404593158259662, 39.4560759326935],
            [-0.403649018195204, 39.4569917567644],
            [-0.40235205126152, 39.458214997076],
            [-0.40023647076795, 39.4601586295362],
            [-0.399622572573427, 39.4607166956541],
            [-0.398737330434403, 39.4615214373732],
            [-0.397321255011115, 39.4628950940423],
            [-0.39740124493015, 39.4639058748771],
            [-0.397565275098342, 39.4638976834583],
            [-0.399552395195968, 39.4638008871144],
            [-0.400710929698916, 39.4637405627343],
            [-0.400808053073522, 39.4637356990229],
            [-0.405593090553802, 39.46349654233],
            [-0.405694627067881, 39.46349143971],
            [-0.408416895547856, 39.4633539995647],
            [-0.412930429822992, 39.4631259802363],
            [-0.412963095573463, 39.4631013204238],
            [-0.413025778106071, 39.4629857807607],
            [-0.413088457509385, 39.4628182418663],
            [-0.413279541056959, 39.4624037272791],
            [-0.413315373966904, 39.4622863376045],
            [-0.413310905758481, 39.4622227887676],
            [-0.413312402309218, 39.4621673275091],
            [-0.413318373664707, 39.4621338213356],
            [-0.413331810040846, 39.4620760582934],
            [-0.413346735079022, 39.4620367785238],
            [-0.413392109732521, 39.4619586005318],
            [-0.413417611842124, 39.4618951331402],
            [-0.413466803628317, 39.461785121682],
            [-0.413475907960224, 39.4617385683247],
            [-0.413488661895415, 39.46170330321],
            [-0.413499596568864, 39.4616609887132],
            [-0.413536536910273, 39.4616005956231],
            [-0.413580256378439, 39.4615357138236],
            [-0.413613032896326, 39.4614609670182],
            [-0.413649464054324, 39.4613706981867],
            [-0.413664041982837, 39.4613297980585],
            [-0.413722338685313, 39.4612070793965],
            [-0.413795213326256, 39.4610716943217],
            [-0.41383052036641, 39.4609941929913],
            [-0.413850927973065, 39.4609355219529],
            [-0.413891723917292, 39.4608023778921],
            [-0.413944210235999, 39.4606353683728],
            [-0.413961705029014, 39.4605721821187],
            [-0.414028739820505, 39.460477405002],
            [-0.414060797603279, 39.4603893990301],
            [-0.414089939926158, 39.4602878509216],
            [-0.414151431821519, 39.4601462754827],
            [-0.414163089027539, 39.4601101660715],
            [-0.414180588210321, 39.4600424574252],
            [-0.414218474737404, 39.4599476802958],
            [-0.414256386748713, 39.4598506424942],
            [-0.414314663809937, 39.4597378057707],
            [-0.414323407931129, 39.4596971901604],
            [-0.414337987482957, 39.459631740815],
            [-0.414352563509056, 39.4595933810394]
          ]
        ]
      },
      "properties": {
        "objectid": 89,
        "codbarrio": "3",
        "nombre": "VARA DE QUART",
        "coddistbar": "083",
        "coddistrit": "8",
        "gis.gis.BARRIOS.area": null
      }
    },
    {
      "type": "Feature",
      "id": 48,
      "geometry": {
        "type": "Polygon",
        "coordinates": [
          [
            [-0.395335176758697, 39.4679405519231],
            [-0.394558143693411, 39.4654232025002],
            [-0.396093631894938, 39.4640252212298],
            [-0.396184636100329, 39.4639416762833],
            [-0.39740124493015, 39.4639058748771],
            [-0.397321255011115, 39.4628950940423],
            [-0.396121293667752, 39.4617646417563],
            [-0.394177473424864, 39.4600724577523],
            [-0.393153778857757, 39.4590675376492],
            [-0.392108950614742, 39.4581432229908],
            [-0.390290197262013, 39.4564717990839],
            [-0.388211427902335, 39.4595601483574],
            [-0.388889258092671, 39.4599447410347],
            [-0.387541100073869, 39.4615179968971],
            [-0.388011313248574, 39.4621907143415],
            [-0.386937179839773, 39.4626710533349],
            [-0.387813062355594, 39.463897925681],
            [-0.388193606631559, 39.4644244857164],
            [-0.389962891936141, 39.4669371471157],
            [-0.390030755568621, 39.4670062373834],
            [-0.392667788619774, 39.46747082757],
            [-0.393282666000886, 39.4675792227279],
            [-0.395335176758697, 39.4679405519231]
          ]
        ]
      },
      "properties": {
        "objectid": 48,
        "codbarrio": "1",
        "nombre": "PATRAIX",
        "coddistbar": "081",
        "coddistrit": "8",
        "gis.gis.BARRIOS.area": 6213048.125
      }
    },
    {
      "type": "Feature",
      "id": 46,
      "geometry": {
        "type": "Polygon",
        "coordinates": [
          [
            [-0.405273265381274, 39.4697484482035],
            [-0.405547586844995, 39.4697951125073],
            [-0.405808240308664, 39.4690757197463],
            [-0.406106003308035, 39.4680418541341],
            [-0.405598882942069, 39.4635486616873],
            [-0.405593090553802, 39.46349654233],
            [-0.400808053073522, 39.4637356990229],
            [-0.400710929698916, 39.4637405627343],
            [-0.399552395195968, 39.4638008871144],
            [-0.397565275098342, 39.4638976834583],
            [-0.39740124493015, 39.4639058748771],
            [-0.396184636100329, 39.4639416762833],
            [-0.396093631894938, 39.4640252212298],
            [-0.394558143693411, 39.4654232025002],
            [-0.395335176758697, 39.4679405519231],
            [-0.396542997381405, 39.4681613149181],
            [-0.399594474312088, 39.4687161117714],
            [-0.402750565182073, 39.469291193573],
            [-0.405273265381274, 39.4697484482035]
          ]
        ]
      },
      "properties": {
        "objectid": 46,
        "codbarrio": "3",
        "nombre": "TRES FORQUES",
        "coddistbar": "073",
        "coddistrit": "7",
        "gis.gis.BARRIOS.area": 5269012.5
      }
    },
    {
      "type": "Feature",
      "id": 217,
      "geometry": {
        "type": "Polygon",
        "coordinates": [
          [
            [-0.4068789146632, 39.4727375822706],
            [-0.40679054020815, 39.4726696295405],
            [-0.405508109439977, 39.4725374038559],
            [-0.40509902719044, 39.4704877778655],
            [-0.405273265381274, 39.4697484482035],
            [-0.402750565182073, 39.469291193573],
            [-0.399594474312088, 39.4687161117714],
            [-0.396542997381405, 39.4681613149181],
            [-0.395335176758697, 39.4679405519231],
            [-0.393282666000886, 39.4675792227279],
            [-0.392667788619774, 39.46747082757],
            [-0.390030755568621, 39.4670062373834],
            [-0.391544856284002, 39.4690807204737],
            [-0.391586389099527, 39.4691357056094],
            [-0.392186870085734, 39.4699599757417],
            [-0.393497027682929, 39.4717595925726],
            [-0.394314571684914, 39.4728814978364],
            [-0.395336750591226, 39.4742827622046],
            [-0.395802656004247, 39.4749193167946],
            [-0.396265787585473, 39.4756503909817],
            [-0.396470386075883, 39.4755603823989],
            [-0.398806524277587, 39.4751217349951],
            [-0.401290598377775, 39.4746503041788],
            [-0.402076372540955, 39.4744831923092],
            [-0.407018705676007, 39.4735104344457],
            [-0.4068789146632, 39.4727375822706]
          ]
        ]
      },
      "properties": {
        "objectid": 217,
        "codbarrio": "1",
        "nombre": "NOU MOLES",
        "coddistbar": "071",
        "coddistrit": "7",
        "gis.gis.BARRIOS.area": null
      }
    },
    {
      "type": "Feature",
      "id": 218,
      "geometry": {
        "type": "Polygon",
        "coordinates": [
          [
            [-0.417969235070824, 39.4691783613211],
            [-0.417886702816656, 39.4691826266011],
            [-0.414157918887271, 39.4694618924638],
            [-0.412873327446497, 39.4695575703635],
            [-0.410327985943325, 39.4697486128635],
            [-0.41015399803472, 39.469758248899],
            [-0.407503556484684, 39.4699423736072],
            [-0.40629214887842, 39.4699333517485],
            [-0.405547586844995, 39.4697951125073],
            [-0.405273265381274, 39.4697484482035],
            [-0.40509902719044, 39.4704877778655],
            [-0.405508109439977, 39.4725374038559],
            [-0.40679054020815, 39.4726696295405],
            [-0.4068789146632, 39.4727375822706],
            [-0.407459257729129, 39.47277710661],
            [-0.407871495335411, 39.4727474833683],
            [-0.408479736346522, 39.4727156262417],
            [-0.40890162671544, 39.4726604853428],
            [-0.409380183252769, 39.4726332092414],
            [-0.410165815502075, 39.4725772080187],
            [-0.410886232100379, 39.4725442075245],
            [-0.411022327529337, 39.4725190508942],
            [-0.411138702966731, 39.4724225912433],
            [-0.411456977930356, 39.4720946511939],
            [-0.411667294137033, 39.4718101337538],
            [-0.41206511202152, 39.4713885598713],
            [-0.412392154486753, 39.4712007647782],
            [-0.412798203595379, 39.4710749968471],
            [-0.413154954333083, 39.4709743548817],
            [-0.413686895050446, 39.470810648018],
            [-0.414067030997571, 39.470659767796],
            [-0.414703700494186, 39.470349344139],
            [-0.41504953943807, 39.470206706509],
            [-0.415229462916599, 39.4701108633333],
            [-0.41538725377358, 39.4700376533622],
            [-0.415584023555133, 39.4699586344517],
            [-0.415685252874973, 39.4699008415954],
            [-0.415880630955605, 39.4697692786239],
            [-0.416219057197042, 39.4697184349834],
            [-0.416439804682894, 39.4697191805562],
            [-0.416569556074721, 39.4697053805995],
            [-0.416707353107166, 39.4696827234618],
            [-0.416873724625136, 39.4695628831605],
            [-0.416910701059837, 39.4695420837914],
            [-0.41697759941805, 39.4695067425248],
            [-0.417032274513252, 39.4694722196175],
            [-0.417070509263595, 39.4694529075978],
            [-0.417157040719232, 39.4694134441007],
            [-0.417203398449467, 39.4693992043761],
            [-0.417270814285831, 39.4693831714045],
            [-0.417410447431256, 39.46934290588],
            [-0.417628481547135, 39.4692805989632],
            [-0.417632732144681, 39.4692863509758],
            [-0.417687942973242, 39.4692756680805],
            [-0.4178198028315, 39.4692372022725],
            [-0.417911362934061, 39.4692069488807],
            [-0.417969235070824, 39.4691783613211]
          ]
        ]
      },
      "properties": {
        "objectid": 218,
        "codbarrio": "2",
        "nombre": "SOTERNES",
        "coddistbar": "072",
        "coddistrit": "7",
        "gis.gis.BARRIOS.area": null
      }
    },
    {
      "type": "Feature",
      "id": 219,
      "geometry": {
        "type": "Polygon",
        "coordinates": [
          [
            [-0.411653737985489, 39.4659165859532],
            [-0.409929983076424, 39.4660461341035],
            [-0.410327985943325, 39.4697486128635],
            [-0.412873327446497, 39.4695575703635],
            [-0.414157918887271, 39.4694618924638],
            [-0.417886702816656, 39.4691826266011],
            [-0.417969235070824, 39.4691783613211],
            [-0.418012114334892, 39.4691585395744],
            [-0.41806690447593, 39.4691073703592],
            [-0.418149795372072, 39.4690274024881],
            [-0.418156338847833, 39.4690195570036],
            [-0.418122024702742, 39.4690032724098],
            [-0.41803638070572, 39.468942397697],
            [-0.417879243970846, 39.4688264759263],
            [-0.417780569222825, 39.4687379876418],
            [-0.417683621508152, 39.4686628347219],
            [-0.417547117188291, 39.4685786497127],
            [-0.417420649134463, 39.4685147502987],
            [-0.417278933482608, 39.4684665116207],
            [-0.417117068542126, 39.4684388696414],
            [-0.41700326003358, 39.4683702241946],
            [-0.416905511790768, 39.468286899828],
            [-0.416779956328147, 39.4682209840075],
            [-0.416581571203624, 39.4681324314408],
            [-0.4164081793381, 39.4680491367917],
            [-0.416286169935834, 39.4679923261498],
            [-0.416212884990653, 39.4679816789817],
            [-0.416138588042018, 39.4679980628589],
            [-0.416010155350598, 39.4680102340611],
            [-0.415883711703829, 39.467968351176],
            [-0.415780530494416, 39.4679269764228],
            [-0.41573558582498, 39.4678839056519],
            [-0.415698387773468, 39.4678409981183],
            [-0.415685905266545, 39.4677753522929],
            [-0.415657465390253, 39.4677055949223],
            [-0.415592815927334, 39.4676977970097],
            [-0.415508709923774, 39.4676636118631],
            [-0.415439622902857, 39.4676510395843],
            [-0.415364349332133, 39.4675892584458],
            [-0.415298489958939, 39.4674825973204],
            [-0.415238931661874, 39.467415147703],
            [-0.415191087834925, 39.4673477423908],
            [-0.415106756592684, 39.4673108673094],
            [-0.414990912982971, 39.4672624445756],
            [-0.414928402753117, 39.467212892797],
            [-0.414838071145399, 39.4671387495551],
            [-0.414743920635693, 39.4670801696714],
            [-0.414649603734298, 39.4670194959568],
            [-0.414544577914989, 39.466959881201],
            [-0.414383373819304, 39.4669142054179],
            [-0.41411406334945, 39.4668422145246],
            [-0.413877640040533, 39.4667547028728],
            [-0.413642779656265, 39.4667065942154],
            [-0.413626589089321, 39.4667313776068],
            [-0.413599890033858, 39.4667307834199],
            [-0.413355320071173, 39.46673864631],
            [-0.413270975532993, 39.4667486066381],
            [-0.413152313903512, 39.4667577940382],
            [-0.412983892681339, 39.4667836571327],
            [-0.412849982658051, 39.466792504786],
            [-0.412499060019023, 39.4667637465884],
            [-0.412380162276315, 39.4667319466756],
            [-0.412258666358662, 39.4666764855989],
            [-0.412075182091135, 39.4665922751534],
            [-0.411873634876753, 39.4665193916862],
            [-0.411808131648986, 39.4664907712294],
            [-0.411671240587523, 39.4664420926876],
            [-0.41158658297758, 39.4664128473108],
            [-0.411525329958067, 39.4663645829667],
            [-0.411514189179915, 39.4663252454254],
            [-0.411526718997497, 39.466259084227],
            [-0.411563895884054, 39.4661406981333],
            [-0.411647292168586, 39.465931505193],
            [-0.411653737985489, 39.4659165859532]
          ]
        ]
      },
      "properties": {
        "objectid": 219,
        "codbarrio": "5",
        "nombre": "LA LLUM",
        "coddistbar": "075",
        "coddistrit": "7",
        "gis.gis.BARRIOS.area": null
      }
    },
    {
      "type": "Feature",
      "id": 169,
      "geometry": {
        "type": "Polygon",
        "coordinates": [
          [
            [-0.426507526824792, 39.4949989052185],
            [-0.426551379947913, 39.4949874172524],
            [-0.426484892894695, 39.4948679830037],
            [-0.426448790364996, 39.4948014549244],
            [-0.426353362831575, 39.4946719293395],
            [-0.426286928884018, 39.4944603177453],
            [-0.426236026892893, 39.4942809234122],
            [-0.426154867232308, 39.4941422634337],
            [-0.426101852894253, 39.4940201274575],
            [-0.426029143189699, 39.4938752673051],
            [-0.426008958616648, 39.4938301903985],
            [-0.425971029185189, 39.4937832609651],
            [-0.425924407127583, 39.4936788607706],
            [-0.42586209277381, 39.4935601582324],
            [-0.425817371792785, 39.4934880607542],
            [-0.425837073847649, 39.4934491646469],
            [-0.425713353026707, 39.4932404276584],
            [-0.425527632584852, 39.4929369583028],
            [-0.425329584641447, 39.492613125797],
            [-0.425144121882979, 39.4923043373232],
            [-0.424942394468754, 39.491975386691],
            [-0.424833379992283, 39.4917589658284],
            [-0.424632394482994, 39.4914125179262],
            [-0.424490714200912, 39.4911912557068],
            [-0.424707893939714, 39.4910508197722],
            [-0.425004911151508, 39.4908900179611],
            [-0.42498477116646, 39.4908535362942],
            [-0.424930285867761, 39.4908554639315],
            [-0.424846747565819, 39.4908255050288],
            [-0.424689813270435, 39.4907642352834],
            [-0.424515653725753, 39.4906776200478],
            [-0.424457794314797, 39.4906330050909],
            [-0.424458334329905, 39.4905969636894],
            [-0.424481790589164, 39.4905221967341],
            [-0.42451767377874, 39.4903942647798],
            [-0.424565117549798, 39.4902863904692],
            [-0.424599923375896, 39.4901268496137],
            [-0.42464241594176, 39.4899852175119],
            [-0.424682970251643, 39.4897867957515],
            [-0.42470630798936, 39.4897152242484],
            [-0.424731684879603, 39.4896303017873],
            [-0.424742055841674, 39.4895298308206],
            [-0.424748259569597, 39.4894524832766],
            [-0.424747008900896, 39.4893282506784],
            [-0.424762580331397, 39.4891933550653],
            [-0.424821455150472, 39.4890327889993],
            [-0.42483689480745, 39.4889606730606],
            [-0.424855462015252, 39.488899265871],
            [-0.424859043106327, 39.4888463462211],
            [-0.424879315019995, 39.4887752923006],
            [-0.424917018851301, 39.4887576867578],
            [-0.424951858989668, 39.4887461617713],
            [-0.424987636083416, 39.4887539815021],
            [-0.425027342852908, 39.4887684197133],
            [-0.425080642477194, 39.4887976273213],
            [-0.425139004379024, 39.488832064102],
            [-0.425301609068449, 39.4889011974513],
            [-0.425481993988381, 39.4885707589573],
            [-0.425590630009494, 39.4883874575617],
            [-0.425649451253295, 39.4883073568278],
            [-0.425722911826469, 39.4881868784271],
            [-0.425821050372985, 39.4880211547171],
            [-0.425887102830448, 39.4879234035612],
            [-0.424848440222444, 39.48761032337],
            [-0.42433379924636, 39.4872877787509],
            [-0.42320310221189, 39.486791638299],
            [-0.42150111289201, 39.4856788317733],
            [-0.421000689586496, 39.4854310281263],
            [-0.420438298691935, 39.4850575608008],
            [-0.419946282790837, 39.4847275534689],
            [-0.419643514448116, 39.4845475816953],
            [-0.419302899881027, 39.4843712190053],
            [-0.419056429570076, 39.4842945841706],
            [-0.418720111932172, 39.4840794510999],
            [-0.418140330377203, 39.4837791436636],
            [-0.417591936498595, 39.4835968169669],
            [-0.417496983529158, 39.4835592750102],
            [-0.41697980479336, 39.4833434326166],
            [-0.416459470080203, 39.4831815167451],
            [-0.415810991692677, 39.4830031906148],
            [-0.415587371257033, 39.4829225612213],
            [-0.415213650210604, 39.4827911702121],
            [-0.41471872196886, 39.4826519464419],
            [-0.414147002957421, 39.4825627675519],
            [-0.41376264696333, 39.4824756659193],
            [-0.413507193326803, 39.4824137200865],
            [-0.413391540472389, 39.4823821013218],
            [-0.413142084484868, 39.4823311798732],
            [-0.412909360188977, 39.4822867834296],
            [-0.412557073922859, 39.482216517617],
            [-0.412276852899261, 39.4821516302706],
            [-0.412126622322098, 39.4821113575169],
            [-0.411904174159976, 39.4820554223854],
            [-0.411606639301267, 39.4819480405388],
            [-0.411169052513834, 39.4817253779559],
            [-0.410553758253622, 39.4813048478555],
            [-0.410753445729917, 39.48112471548],
            [-0.411028311251674, 39.4807885761023],
            [-0.41116130026034, 39.4806222809914],
            [-0.411316934998492, 39.4804155450485],
            [-0.411440405072284, 39.4802507221944],
            [-0.411603251607083, 39.4800460203242],
            [-0.41191526175132, 39.4797848127425],
            [-0.412172415732894, 39.4795849220261],
            [-0.412409857928225, 39.4794112129027],
            [-0.412585587482832, 39.4793107223813],
            [-0.412861578075314, 39.4791385282512],
            [-0.412991705012207, 39.4790849848711],
            [-0.413195593444638, 39.478965544074],
            [-0.413270117031939, 39.4789060599951],
            [-0.413211274272263, 39.4788325983752],
            [-0.41318576722387, 39.478797211422],
            [-0.413095415973341, 39.4786893913294],
            [-0.413036952213505, 39.4786276675663],
            [-0.412934873693497, 39.4785125864146],
            [-0.412881414559408, 39.4784601179606],
            [-0.412795569259934, 39.4783834874536],
            [-0.412751687254004, 39.4783492588474],
            [-0.412686161863211, 39.4783043143041],
            [-0.412607990539036, 39.4782445839305],
            [-0.412537955658638, 39.4781930345188],
            [-0.412470551320149, 39.4781395166502],
            [-0.412424865038252, 39.478098464093],
            [-0.412392797899333, 39.4780556697729],
            [-0.412365454513466, 39.4780130797272],
            [-0.412367839440403, 39.4779487556808],
            [-0.412383031050614, 39.4778315466443],
            [-0.412390168306569, 39.4777365542269],
            [-0.412371209565693, 39.4776524940177],
            [-0.412323325325449, 39.4775895280297],
            [-0.412233003536293, 39.477478167461],
            [-0.41211201005607, 39.4773340523213],
            [-0.411938562258659, 39.4771370761492],
            [-0.411769347193329, 39.4769052937578],
            [-0.411583676777341, 39.4764533649844],
            [-0.411432246360905, 39.4761505291442],
            [-0.411324630566091, 39.4760777188527],
            [-0.411148625706772, 39.476000592199],
            [-0.410848031057686, 39.4759068428816],
            [-0.410468440174322, 39.4758073866414],
            [-0.410269976261529, 39.4757159116192],
            [-0.41022392451688, 39.4756327787972],
            [-0.410261438788827, 39.4754676089659],
            [-0.410278185361032, 39.4752979133247],
            [-0.410273736069502, 39.4751358622913],
            [-0.410267047380372, 39.4750344809192],
            [-0.41020800877692, 39.4748856364908],
            [-0.41008070608358, 39.4747372886565],
            [-0.409965154487142, 39.4746406700827],
            [-0.409798070608464, 39.4745331552403],
            [-0.409565083856149, 39.474374118034],
            [-0.409313243586932, 39.4742247950075],
            [-0.409117071708523, 39.4740980364918],
            [-0.408912071863211, 39.4740218546258],
            [-0.40867780368432, 39.4739397045486],
            [-0.408339789313359, 39.4738313038755],
            [-0.408063821134208, 39.473776231065],
            [-0.407836459933186, 39.4737416468639],
            [-0.407544136057384, 39.4736731541929],
            [-0.407276214968463, 39.4736280426333],
            [-0.407117857916605, 39.4735821139015],
            [-0.407018705676007, 39.4735104344457],
            [-0.403613817691562, 39.4741789286619],
            [-0.402076372540955, 39.4744831923092],
            [-0.401290598377775, 39.4746503041788],
            [-0.398806524277587, 39.4751217349951],
            [-0.399579303495939, 39.4769407856227],
            [-0.40011443527143, 39.4783536219268],
            [-0.398942730614022, 39.47867873633],
            [-0.398513691033323, 39.4788503275124],
            [-0.398786338867066, 39.4792292779615],
            [-0.399893419879269, 39.4807503288136],
            [-0.401762619807666, 39.483318282272],
            [-0.401123401003572, 39.483547225863],
            [-0.399381600093579, 39.4842997264149],
            [-0.397981063687025, 39.4849047829538],
            [-0.396006366485607, 39.485851498571],
            [-0.396209858957841, 39.4861038007173],
            [-0.397369760538568, 39.4875396549343],
            [-0.399333769782807, 39.4902370460254],
            [-0.401018020280812, 39.4925500478451],
            [-0.402501175215701, 39.4945867257562],
            [-0.408255672026051, 39.492159550255],
            [-0.40932122878891, 39.4935567874503],
            [-0.41134978769581, 39.4960196220805],
            [-0.412595972492602, 39.4964772615967],
            [-0.414384404042425, 39.496862876375],
            [-0.416045153062768, 39.4968195612787],
            [-0.418733417451706, 39.4966894431766],
            [-0.421470015349267, 39.496562641534],
            [-0.423207031944833, 39.4964822323395],
            [-0.423618007178054, 39.4965156244961],
            [-0.424583433472505, 39.4970847279448],
            [-0.425352432912067, 39.4970077270462],
            [-0.425355136826031, 39.4964774280151],
            [-0.425345340970204, 39.4959886980016],
            [-0.425251307469678, 39.4955722710915],
            [-0.425939398924353, 39.4954910768863],
            [-0.425967822443167, 39.4950646337374],
            [-0.426117659118742, 39.4950718087135],
            [-0.426507526824792, 39.4949989052185]
          ]
        ]
      },
      "properties": {
        "objectid": 169,
        "codbarrio": "4",
        "nombre": "SANT PAU",
        "coddistbar": "044",
        "coddistrit": "4",
        "gis.gis.BARRIOS.area": null
      }
    },
    {
      "type": "Feature",
      "id": 28,
      "geometry": {
        "type": "Polygon",
        "coordinates": [
          [
            [-0.390466257504951, 39.4782454316172],
            [-0.390657752859982, 39.4781956788664],
            [-0.391291148355909, 39.4779081136496],
            [-0.392201815269021, 39.4774916263551],
            [-0.394467696057294, 39.4764659178232],
            [-0.396265787585473, 39.4756503909817],
            [-0.395802656004247, 39.4749193167946],
            [-0.395336750591226, 39.4742827622046],
            [-0.394314571684914, 39.4728814978364],
            [-0.393497027682929, 39.4717595925726],
            [-0.392186870085734, 39.4699599757417],
            [-0.391586389099527, 39.4691357056094],
            [-0.391544856284002, 39.4690807204737],
            [-0.391492810986816, 39.4690930655095],
            [-0.390085107246754, 39.4693992813928],
            [-0.388644577842982, 39.4697092468491],
            [-0.387478137044042, 39.4706920084156],
            [-0.385925237059838, 39.4719453383491],
            [-0.387054898082188, 39.4734977279613],
            [-0.387579407736298, 39.4742167117521],
            [-0.387771977736068, 39.4744868004866],
            [-0.387853423069169, 39.4746012413515],
            [-0.388207064335723, 39.4750911612368],
            [-0.388649632679354, 39.4757091927143],
            [-0.389437480552979, 39.4768079510722],
            [-0.38996426884193, 39.4775449930877],
            [-0.390466257504951, 39.4782454316172]
          ]
        ]
      },
      "properties": {
        "objectid": 28,
        "codbarrio": "3",
        "nombre": "LA PETXINA",
        "coddistbar": "033",
        "coddistrit": "3",
        "gis.gis.BARRIOS.area": 4966687.5
      }
    },
    {
      "type": "Feature",
      "id": 20,
      "geometry": {
        "type": "Polygon",
        "coordinates": [
          [
            [-0.39011567306997, 39.4855391472874],
            [-0.390466849680922, 39.4860380137545],
            [-0.390653090303435, 39.4861097620538],
            [-0.391219243070516, 39.4863206676092],
            [-0.392578902698535, 39.4857340913997],
            [-0.395245042491887, 39.4845822202528],
            [-0.396006366485607, 39.485851498571],
            [-0.397981063687025, 39.4849047829538],
            [-0.401123401003572, 39.483547225863],
            [-0.401762619807666, 39.483318282272],
            [-0.398786338867066, 39.4792292779615],
            [-0.398513691033323, 39.4788503275124],
            [-0.398942742229209, 39.47867873659],
            [-0.40011443527143, 39.4783536219268],
            [-0.399579303495939, 39.4769407856227],
            [-0.398806524277587, 39.4751217349951],
            [-0.396470386075883, 39.4755603823989],
            [-0.396265787585473, 39.4756503909817],
            [-0.394467696057294, 39.4764659178232],
            [-0.392201815269021, 39.4774916263551],
            [-0.391291148355909, 39.4779081136496],
            [-0.390657752859982, 39.4781956788664],
            [-0.390466257504951, 39.4782454316172],
            [-0.388555825771861, 39.4787205121583],
            [-0.387373657427263, 39.4792074413329],
            [-0.38670530110268, 39.4795347381886],
            [-0.386151670024066, 39.4798060635654],
            [-0.387854143373097, 39.4821505895833],
            [-0.388838244018315, 39.4835014961198],
            [-0.387964910964874, 39.483869246447],
            [-0.389119853712959, 39.4855483074214],
            [-0.389890045796023, 39.4852187715076],
            [-0.39011567306997, 39.4855391472874]
          ]
        ]
      },
      "properties": {
        "objectid": 20,
        "codbarrio": "1",
        "nombre": "CAMPANAR",
        "coddistbar": "041",
        "coddistrit": "4",
        "gis.gis.BARRIOS.area": 9857367.5
      }
    },
    {
      "type": "Feature",
      "id": 19,
      "geometry": {
        "type": "Polygon",
        "coordinates": [
          [
            [-0.39011567306997, 39.4855391472874],
            [-0.389890045796023, 39.4852187715076],
            [-0.389119853712959, 39.4855483074214],
            [-0.387964910964874, 39.483869246447],
            [-0.388838244018315, 39.4835014961198],
            [-0.387854143373097, 39.4821505895833],
            [-0.386151670024066, 39.4798060635654],
            [-0.383480246877956, 39.4811197661242],
            [-0.383395236221029, 39.4811583914967],
            [-0.381054592715167, 39.4822317430749],
            [-0.383660337946051, 39.4839120242572],
            [-0.385224129351907, 39.4850327829693],
            [-0.387305242075672, 39.4866020803177],
            [-0.387446160678454, 39.4863124629767],
            [-0.388276802543745, 39.4859797926852],
            [-0.388586444420272, 39.4866173674546],
            [-0.38894993953486, 39.4867291370733],
            [-0.389224041994724, 39.4859290178],
            [-0.39011567306997, 39.4855391472874]
          ]
        ]
      },
      "properties": {
        "objectid": 19,
        "codbarrio": "2",
        "nombre": "LES TENDETES",
        "coddistbar": "042",
        "coddistrit": "4",
        "gis.gis.BARRIOS.area": 2582091.7188
      }
    },
    {
      "type": "Feature",
      "id": 64,
      "geometry": {
        "type": "Polygon",
        "coordinates": [
          [
            [-0.398304337230756, 39.4545839901384],
            [-0.400897959026452, 39.4525159485436],
            [-0.402812937276793, 39.4508425870698],
            [-0.403785575517091, 39.4499589358398],
            [-0.404043174354454, 39.449554786405],
            [-0.405853497283726, 39.4476448134011],
            [-0.403319344410655, 39.4448990800727],
            [-0.401073123193466, 39.442812891603],
            [-0.398028878409306, 39.4404385693215],
            [-0.393007123216077, 39.4383486388293],
            [-0.389833250321849, 39.4375116763133],
            [-0.387154992365107, 39.4371902471647],
            [-0.38492533303388, 39.4435407022499],
            [-0.383597764329334, 39.4472855021864],
            [-0.385816137044661, 39.4478354175834],
            [-0.38631355474632, 39.4464006945195],
            [-0.387151328302836, 39.4443114794103],
            [-0.387645534885314, 39.4430388364313],
            [-0.388017179053435, 39.4420922867934],
            [-0.389036337056551, 39.4423358924429],
            [-0.390436237393745, 39.4423403125091],
            [-0.392299627886968, 39.4422425043183],
            [-0.393545201792415, 39.4418875746431],
            [-0.3943049214692, 39.4419226349487],
            [-0.393718633945897, 39.4434274373833],
            [-0.393356566821944, 39.4443922653763],
            [-0.392978369176363, 39.4453612436394],
            [-0.392447118675496, 39.4467141493797],
            [-0.392097800264748, 39.4476477366928],
            [-0.392983288718928, 39.4476225572143],
            [-0.394218885529897, 39.4475376632853],
            [-0.395567765030814, 39.4475498785453],
            [-0.396143071859351, 39.4475852904855],
            [-0.396063507616246, 39.4479663842325],
            [-0.394746859911646, 39.4498737639527],
            [-0.396003785132659, 39.4507757894903],
            [-0.398009763762223, 39.452451316621],
            [-0.398584415639125, 39.4529731800986],
            [-0.397462949592872, 39.4539300289142],
            [-0.398304337230756, 39.4545839901384]
          ]
        ]
      },
      "properties": {
        "objectid": 64,
        "codbarrio": "5",
        "nombre": "CAMI REAL",
        "coddistbar": "095",
        "coddistrit": "9",
        "gis.gis.BARRIOS.area": 1477502
      }
    },
    {
      "type": "Feature",
      "id": 60,
      "geometry": {
        "type": "Polygon",
        "coordinates": [
          [
            [-0.390318724489979, 39.456427395474],
            [-0.390290197262013, 39.4564717990839],
            [-0.393573259210411, 39.4562752157097],
            [-0.394709509778507, 39.4562286300862],
            [-0.395802945279752, 39.4560639590334],
            [-0.396775719810899, 39.4557073803424],
            [-0.397436858787442, 39.4552537360024],
            [-0.398304337230756, 39.4545839901384],
            [-0.397462949592872, 39.4539300289142],
            [-0.398584415639125, 39.4529731800986],
            [-0.398009763762223, 39.452451316621],
            [-0.396003785132659, 39.4507757894903],
            [-0.394746859911646, 39.4498737639527],
            [-0.393499261847911, 39.4517196230922],
            [-0.392564427695973, 39.4531040160021],
            [-0.391947073635512, 39.4540180659134],
            [-0.391709385174399, 39.4543730855337],
            [-0.390863703206149, 39.4556243406767],
            [-0.390318724489979, 39.456427395474]
          ]
        ]
      },
      "properties": {
        "objectid": 60,
        "codbarrio": "5",
        "nombre": "FAVARA",
        "coddistbar": "085",
        "coddistrit": "8",
        "gis.gis.BARRIOS.area": 2802505.625
      }
    },
    {
      "type": "Feature",
      "id": 58,
      "geometry": {
        "type": "Polygon",
        "coordinates": [
          [
            [-0.398304337230756, 39.4545839901384],
            [-0.399493845992889, 39.4554664428328],
            [-0.399095919685618, 39.4557953703262],
            [-0.40235205126152, 39.458214997076],
            [-0.403649018195204, 39.4569917567644],
            [-0.404593158259662, 39.4560759326935],
            [-0.405547148120189, 39.4552459045685],
            [-0.407289593557399, 39.4539154590731],
            [-0.409208497385736, 39.4523096541943],
            [-0.405853497283726, 39.4476448134011],
            [-0.404043174354454, 39.449554786405],
            [-0.403785575517091, 39.4499589358398],
            [-0.402812937276793, 39.4508425870698],
            [-0.400897959026452, 39.4525159485436],
            [-0.398304337230756, 39.4545839901384]
          ]
        ]
      },
      "properties": {
        "objectid": 58,
        "codbarrio": "2",
        "nombre": "SANT ISIDRE",
        "coddistbar": "082",
        "coddistrit": "8",
        "gis.gis.BARRIOS.area": 4952205.625
      }
    },
    {
      "type": "Feature",
      "id": 61,
      "geometry": {
        "type": "Polygon",
        "coordinates": [
          [
            [-0.390318724489979, 39.456427395474],
            [-0.390863703206149, 39.4556243406767],
            [-0.391709385174399, 39.4543730855337],
            [-0.391947073635512, 39.4540180659134],
            [-0.392564427695973, 39.4531040160021],
            [-0.393499261847911, 39.4517196230922],
            [-0.394746859911646, 39.4498737639527],
            [-0.396063507616246, 39.4479663842325],
            [-0.396143071859351, 39.4475852904855],
            [-0.395567765030814, 39.4475498785453],
            [-0.394218885529897, 39.4475376632853],
            [-0.392983288718928, 39.4476225572143],
            [-0.392097800264748, 39.4476477366928],
            [-0.3896127486291, 39.4477225709993],
            [-0.389317099104994, 39.4492203892641],
            [-0.388856907320968, 39.4512730668471],
            [-0.388795606497334, 39.4515915033872],
            [-0.388666943151965, 39.4522552576186],
            [-0.388502155309181, 39.4531659429063],
            [-0.387739332687362, 39.4529776324568],
            [-0.386885671631606, 39.4528683542302],
            [-0.384671871805873, 39.4525798168359],
            [-0.384472347527961, 39.4535437671072],
            [-0.385535196676514, 39.4537884060408],
            [-0.386968675433235, 39.4547260308232],
            [-0.387245420393881, 39.4548808981997],
            [-0.388629822843863, 39.4555201080698],
            [-0.390318724489979, 39.456427395474]
          ]
        ]
      },
      "properties": {
        "objectid": 61,
        "codbarrio": "2",
        "nombre": "L'HORT DE SENABRE",
        "coddistbar": "092",
        "coddistrit": "9",
        "gis.gis.BARRIOS.area": 4263543.125
      }
    },
    {
      "type": "Feature",
      "id": 47,
      "geometry": {
        "type": "Polygon",
        "coordinates": [
          [
            [-0.356540222402041, 39.4671004720233],
            [-0.356829259039518, 39.4665079718557],
            [-0.357115205727626, 39.4659198959753],
            [-0.357028324201008, 39.4658548586809],
            [-0.356089317172467, 39.465157841477],
            [-0.354768848218681, 39.464195393661],
            [-0.354685607934049, 39.4643601522603],
            [-0.354238318537841, 39.4642598822877],
            [-0.353979086809251, 39.4641999276298],
            [-0.354213356105582, 39.4636917702335],
            [-0.352206848404859, 39.4630649972295],
            [-0.352520622769545, 39.4623379396973],
            [-0.351519464541065, 39.4620391445185],
            [-0.350729343009995, 39.4636448672798],
            [-0.350107022974675, 39.4648760960852],
            [-0.348416624931587, 39.4643659396131],
            [-0.348261812467073, 39.4646551921058],
            [-0.348775986653068, 39.4648110635312],
            [-0.350136054681078, 39.4652249378929],
            [-0.351220302976662, 39.4655379271292],
            [-0.353105654932193, 39.4660853837086],
            [-0.35423790605271, 39.4664174648618],
            [-0.355480748369643, 39.4667835824237],
            [-0.356433105860251, 39.4670710090928],
            [-0.356540222402041, 39.4671004720233]
          ]
        ]
      },
      "properties": {
        "objectid": 47,
        "codbarrio": "4",
        "nombre": "CAMI FONDO",
        "coddistbar": "124",
        "coddistrit": "12",
        "gis.gis.BARRIOS.area": 1571880.3125
      }
    },
    {
      "type": "Feature",
      "id": 57,
      "geometry": {
        "type": "Polygon",
        "coordinates": [
          [
            [-0.358386740057554, 39.4590391153792],
            [-0.358824158932983, 39.4585355651096],
            [-0.360134949176166, 39.4580428367403],
            [-0.361322180848384, 39.4575518015025],
            [-0.363152692474212, 39.4567780693904],
            [-0.364196509697881, 39.4563332896598],
            [-0.366755882785621, 39.4552787370364],
            [-0.36852492876077, 39.4544945081639],
            [-0.36802788212549, 39.453595894818],
            [-0.368868846063786, 39.4533086366044],
            [-0.368900362032611, 39.4533588985158],
            [-0.370808098565967, 39.4533840620009],
            [-0.371348319617741, 39.4531755656406],
            [-0.371127375811543, 39.4522922182128],
            [-0.371604345135679, 39.4508886310289],
            [-0.370968105804104, 39.4499823684267],
            [-0.37053623061458, 39.449378016903],
            [-0.369501550460012, 39.4478681588413],
            [-0.369414984043386, 39.4477175541703],
            [-0.368259129728748, 39.4481913681757],
            [-0.367934782166778, 39.4477074762513],
            [-0.366464368084357, 39.4483589812626],
            [-0.366898028869468, 39.4489486180849],
            [-0.365895903528871, 39.4493675180951],
            [-0.364946830232108, 39.4505576803159],
            [-0.3623701700051, 39.4534585978467],
            [-0.362595195590967, 39.453846578404],
            [-0.361665042748803, 39.4542443670994],
            [-0.360435248897075, 39.4557479293239],
            [-0.358626991882528, 39.4578914602634],
            [-0.358009032546416, 39.458674682563],
            [-0.358386740057554, 39.4590391153792]
          ]
        ]
      },
      "properties": {
        "objectid": 57,
        "codbarrio": "5",
        "nombre": "NA ROVELLA",
        "coddistbar": "105",
        "coddistrit": "10",
        "gis.gis.BARRIOS.area": 5401196.25
      }
    },
    {
      "type": "Feature",
      "id": 50,
      "geometry": {
        "type": "Polygon",
        "coordinates": [
          [
            [-0.356089317172467, 39.465157841477],
            [-0.357028324201008, 39.4658548586809],
            [-0.357115205727626, 39.4659198959753],
            [-0.358007538038725, 39.4640888998254],
            [-0.35867498476203, 39.4637076851209],
            [-0.359969386904238, 39.4634284425605],
            [-0.359153904308958, 39.4622231291582],
            [-0.358969525216066, 39.4619126406413],
            [-0.357882424010485, 39.4600816701211],
            [-0.355075761511973, 39.4593151441287],
            [-0.354105277185274, 39.4587615355306],
            [-0.352661210353886, 39.4579403730114],
            [-0.350551093235805, 39.4566040416859],
            [-0.349044780287055, 39.4554931619946],
            [-0.348154244614077, 39.4549413460082],
            [-0.347324970580709, 39.4544404608265],
            [-0.346251496075222, 39.4541547091111],
            [-0.345567352776006, 39.4540399982053],
            [-0.344853784941186, 39.4539155932911],
            [-0.343810156132859, 39.4538196852064],
            [-0.343014172632013, 39.4538195172347],
            [-0.341690585112771, 39.4541073079774],
            [-0.340831173273502, 39.4578405414455],
            [-0.343172931049065, 39.4583415293076],
            [-0.343747607027293, 39.4584622579573],
            [-0.342409251623649, 39.4595622609519],
            [-0.342990654627083, 39.4597061727553],
            [-0.344131171144861, 39.4600070004738],
            [-0.345513111696642, 39.4603583754761],
            [-0.347647275241101, 39.4608890440003],
            [-0.351519464541065, 39.4620391445185],
            [-0.352520622769545, 39.4623379396973],
            [-0.352206848404859, 39.4630649972295],
            [-0.354213356105582, 39.4636917702335],
            [-0.353979086809251, 39.4641999276298],
            [-0.354238318537841, 39.4642598822877],
            [-0.354685607934049, 39.4643601522603],
            [-0.354768848218681, 39.464195393661],
            [-0.356089317172467, 39.465157841477]
          ]
        ]
      },
      "properties": {
        "objectid": 50,
        "codbarrio": "5",
        "nombre": "PENYA-ROJA",
        "coddistbar": "125",
        "coddistrit": "12",
        "gis.gis.BARRIOS.area": 9111358.75
      }
    },
    {
      "type": "Feature",
      "id": 51,
      "geometry": {
        "type": "Polygon",
        "coordinates": [
          [
            [-0.348261812467073, 39.4646551921058],
            [-0.348416624931587, 39.4643659396131],
            [-0.350107022974675, 39.4648760960852],
            [-0.350729343009995, 39.4636448672798],
            [-0.351519464541065, 39.4620391445185],
            [-0.347647275241101, 39.4608890440003],
            [-0.345513111696642, 39.4603583754761],
            [-0.344131171144861, 39.4600070004738],
            [-0.342990654627083, 39.4597061727553],
            [-0.342409251623649, 39.4595622609519],
            [-0.343747607027293, 39.4584622579573],
            [-0.343172931049065, 39.4583415293076],
            [-0.340831173273502, 39.4578405414455],
            [-0.340620854553782, 39.4582511428377],
            [-0.340070114320439, 39.4600673083915],
            [-0.339895883801332, 39.4604461927585],
            [-0.339845151429173, 39.4605576409968],
            [-0.339430866486976, 39.4610796740673],
            [-0.338541951237639, 39.4617620033179],
            [-0.340475677103899, 39.4623107440393],
            [-0.341531351104598, 39.46262767346],
            [-0.344025797690081, 39.4633693471061],
            [-0.346222397701079, 39.4640366098781],
            [-0.347257255859706, 39.464348507965],
            [-0.348261812467073, 39.4646551921058]
          ]
        ]
      },
      "properties": {
        "objectid": 51,
        "codbarrio": "3",
        "nombre": "LA CREU DEL GRAU",
        "coddistbar": "123",
        "coddistrit": "12",
        "gis.gis.BARRIOS.area": 3916579.0625
      }
    },
    {
      "type": "Feature",
      "id": 55,
      "geometry": {
        "type": "Polygon",
        "coordinates": [
          [
            [-0.357882424010485, 39.4600816701211],
            [-0.359004098489897, 39.4596927699283],
            [-0.35910892649296, 39.4594564192061],
            [-0.358386740057554, 39.4590391153792],
            [-0.358009032546416, 39.458674682563],
            [-0.358626991882528, 39.4578914602634],
            [-0.360435248897075, 39.4557479293239],
            [-0.361665042748803, 39.4542443670994],
            [-0.362595195590967, 39.453846578404],
            [-0.3623701700051, 39.4534585978467],
            [-0.364946830232108, 39.4505576803159],
            [-0.365895903528871, 39.4493675180951],
            [-0.366898028869468, 39.4489486180849],
            [-0.366464368084357, 39.4483589812626],
            [-0.367934782166778, 39.4477074762513],
            [-0.367461506533605, 39.4471372914405],
            [-0.366531441708598, 39.4471117176443],
            [-0.366345307012524, 39.4470984913023],
            [-0.366314269967699, 39.4470932836151],
            [-0.351726245097048, 39.4533291250837],
            [-0.348268123921382, 39.4522863637849],
            [-0.347081564577809, 39.4519575003086],
            [-0.346817345136749, 39.4522217412833],
            [-0.346604885753385, 39.4524421104335],
            [-0.345567352776006, 39.4540399982053],
            [-0.346251496075222, 39.4541547091111],
            [-0.347324970580709, 39.4544404608265],
            [-0.348154244614077, 39.4549413460082],
            [-0.349044780287055, 39.4554931619946],
            [-0.350551093235805, 39.4566040416859],
            [-0.352661210353886, 39.4579403730114],
            [-0.354105277185274, 39.4587615355306],
            [-0.355075761511973, 39.4593151441287],
            [-0.357882424010485, 39.4600816701211]
          ]
        ]
      },
      "properties": {
        "objectid": 55,
        "codbarrio": "7",
        "nombre": "CIUTAT DE LES ARTS I DE LES CIENCIES",
        "coddistbar": "107",
        "coddistrit": "10",
        "gis.gis.BARRIOS.area": 9892311.25
      }
    },
    {
      "type": "Feature",
      "id": 619,
      "geometry": {
        "type": "Polygon",
        "coordinates": [
          [
            [-0.400362249378408, 39.5146215062722],
            [-0.400383405926089, 39.5145538372959],
            [-0.400383548195842, 39.5145169675597],
            [-0.400380033234509, 39.5144359540657],
            [-0.400359675170416, 39.5143393929067],
            [-0.400339569231721, 39.5141746409494],
            [-0.400308348520776, 39.5140188202177],
            [-0.400282804298767, 39.5139440613461],
            [-0.400271654265591, 39.513783987138],
            [-0.400253024597421, 39.5136828791641],
            [-0.400243706620327, 39.5136299152577],
            [-0.400249787608473, 39.5134799741189],
            [-0.400260716947595, 39.5133621946973],
            [-0.40025624003216, 39.5132452326594],
            [-0.400224490998376, 39.5131619027097],
            [-0.400185885211361, 39.5130868515293],
            [-0.400128875588289, 39.5129720021201],
            [-0.400068278947524, 39.5128441898588],
            [-0.400018434074564, 39.5127199874631],
            [-0.399994572667987, 39.5126587523229],
            [-0.399915707623422, 39.5124943879325],
            [-0.399881534717546, 39.512417751217],
            [-0.399815513085425, 39.5123184743341],
            [-0.39978656626273, 39.5122183515559],
            [-0.399795772373907, 39.5121280734309],
            [-0.399851803096375, 39.5119788538093],
            [-0.399932785013655, 39.5117889864022],
            [-0.399985682864023, 39.5116710471411],
            [-0.400023824107471, 39.5115539757857],
            [-0.400040792108534, 39.5115072215754],
            [-0.400117876808233, 39.5113201586194],
            [-0.400183997725815, 39.5111566874946],
            [-0.400212422257905, 39.5111251892388],
            [-0.400339186094403, 39.5111222421384],
            [-0.40041062173423, 39.5111299755391],
            [-0.400487246957808, 39.5111342124907],
            [-0.400679687501725, 39.5111409234789],
            [-0.400888087642002, 39.5111484956774],
            [-0.401056147551653, 39.5111581109765],
            [-0.401109188505522, 39.5111563696272],
            [-0.401108550119393, 39.5111226444882],
            [-0.401121381490792, 39.5110511225228],
            [-0.401136764253072, 39.5109061729981],
            [-0.401144649509515, 39.5108353601863],
            [-0.401137700286971, 39.5106517769374],
            [-0.40113639537113, 39.5104933643553],
            [-0.401166719206765, 39.5103588028307],
            [-0.401177211950446, 39.5102426891181],
            [-0.401163434873116, 39.5101352485039],
            [-0.401156979188666, 39.5100351336398],
            [-0.401145846921059, 39.5099278783052],
            [-0.401135023582048, 39.5098354223],
            [-0.401125626825159, 39.5097692768234],
            [-0.401094173011672, 39.5096412250748],
            [-0.401095938323088, 39.5096026078761],
            [-0.401087212981631, 39.5094969288567],
            [-0.401086960147764, 39.5094637798881],
            [-0.401066725639458, 39.50934550138],
            [-0.401055665289659, 39.5092600308761],
            [-0.401058015053603, 39.5092328769136],
            [-0.401065827186479, 39.5091936562574],
            [-0.401075187480371, 39.5091737400194],
            [-0.401099798762562, 39.5091309402894],
            [-0.401051788359633, 39.5091409741579],
            [-0.400987735080787, 39.5091336765787],
            [-0.400791183250041, 39.5091207211826],
            [-0.400631835340671, 39.509118381368],
            [-0.400424195027179, 39.5091049430377],
            [-0.400261542716355, 39.5091188617014],
            [-0.400201211433708, 39.5091131154051],
            [-0.400092151913229, 39.5090945492215],
            [-0.399890243109811, 39.5090284737597],
            [-0.399710767681934, 39.508970224175],
            [-0.399603671707201, 39.5089676199989],
            [-0.399523129816543, 39.5089452952769],
            [-0.399230363942716, 39.5089314178767],
            [-0.398810098756898, 39.5089265948543],
            [-0.398559049491929, 39.5089158388745],
            [-0.39846001160949, 39.5088939551071],
            [-0.398199493804486, 39.5088143844733],
            [-0.397891750866683, 39.508715720004],
            [-0.39749905807029, 39.5085938551176],
            [-0.397402676879782, 39.5085338507587],
            [-0.397191799260299, 39.5084701282214],
            [-0.396935129712122, 39.5083866230711],
            [-0.397004306114029, 39.5083239583671],
            [-0.397036813067721, 39.5082581928612],
            [-0.397126067681671, 39.5081343308356],
            [-0.397191787161513, 39.5080060046521],
            [-0.397282612991936, 39.507930689974],
            [-0.397525077490182, 39.507730171653],
            [-0.397633204332145, 39.5076113264212],
            [-0.397615382178696, 39.5076021256464],
            [-0.397694621178296, 39.5075094344142],
            [-0.397725328341886, 39.5074803301584],
            [-0.397748411332065, 39.5074408121458],
            [-0.397841372686369, 39.5073365996269],
            [-0.397949492331177, 39.5072375462134],
            [-0.398014047452138, 39.5071849122566],
            [-0.398086652893991, 39.5071100807339],
            [-0.398207851296992, 39.5070232836272],
            [-0.398297084977693, 39.5069544187883],
            [-0.398385623190757, 39.5069041864851],
            [-0.398437455830757, 39.5068699155785],
            [-0.398427974137762, 39.5068594152366],
            [-0.398356799655833, 39.5068504162685],
            [-0.398271303808241, 39.5068412497061],
            [-0.398228306299752, 39.5068288637111],
            [-0.398253500228531, 39.5067810687455],
            [-0.398308165346146, 39.5066964481766],
            [-0.398366484724446, 39.506590873899],
            [-0.398441383525891, 39.5064545544936],
            [-0.398453299088196, 39.506393282304],
            [-0.3985267655293, 39.5062308233083],
            [-0.398568309192845, 39.5061497014988],
            [-0.398620333278266, 39.5061389567211],
            [-0.398681705387458, 39.5061429163514],
            [-0.398728512176723, 39.506144522869],
            [-0.398758835511749, 39.5061060405942],
            [-0.398769986035573, 39.5060652642386],
            [-0.398841574468672, 39.5059531130743],
            [-0.398904167161258, 39.5058239771035],
            [-0.398982692897155, 39.5057194404263],
            [-0.398984800920181, 39.5056679213339],
            [-0.398987233769969, 39.5056027071509],
            [-0.398997716531541, 39.5055152953565],
            [-0.399010674034796, 39.5054260741424],
            [-0.399045348364666, 39.505335474268],
            [-0.399088462026889, 39.5052767652197],
            [-0.39913784573337, 39.5051790353208],
            [-0.399244670504059, 39.5050612403808],
            [-0.398972933658449, 39.5050215275657],
            [-0.398669849006663, 39.5049505274344],
            [-0.398420520389757, 39.5048921713701],
            [-0.397956704490259, 39.5047845260245],
            [-0.397437220173532, 39.5046635060526],
            [-0.397031432642611, 39.5045531749757],
            [-0.397021027817549, 39.5045228705509],
            [-0.397110779063424, 39.5043254448113],
            [-0.39723985518855, 39.5040938647783],
            [-0.397336509187012, 39.50381802786],
            [-0.397408247695779, 39.5036364231738],
            [-0.397471313804738, 39.5035101903661],
            [-0.397444338845604, 39.5035078924837],
            [-0.397448992821955, 39.5034676373728],
            [-0.397468907466611, 39.5033964455917],
            [-0.397499612067655, 39.503300685298],
            [-0.397546988688042, 39.5031417774798],
            [-0.397577046640005, 39.5030574168079],
            [-0.397588263348087, 39.5030354343616],
            [-0.397618953514684, 39.502967159512],
            [-0.397666242932793, 39.5028710229042],
            [-0.397703464150901, 39.5027645348964],
            [-0.397724183596494, 39.5026920187759],
            [-0.397757226855044, 39.5026230038131],
            [-0.397799501341572, 39.5025677538127],
            [-0.397815203548758, 39.5025527094706],
            [-0.397819738438381, 39.5024720112238],
            [-0.39781839309833, 39.5024161356208],
            [-0.39783528792603, 39.5023314260065],
            [-0.39788176612583, 39.5021791013354],
            [-0.397878098447049, 39.5021661366283],
            [-0.397757696016583, 39.5021258824132],
            [-0.397465228275676, 39.5020050912421],
            [-0.397270690883928, 39.5019340505151],
            [-0.39694797256323, 39.5018118597022],
            [-0.396850574781479, 39.5017762279525],
            [-0.39677913443333, 39.5017489522911],
            [-0.396745383132454, 39.5017549977127],
            [-0.393126302950637, 39.5043314438674],
            [-0.388886035794183, 39.5002363036757],
            [-0.386141403840105, 39.4975890722936],
            [-0.384977328159947, 39.4978556552064],
            [-0.381391653125784, 39.4986847668747],
            [-0.379811929774178, 39.4989896125217],
            [-0.377783356276906, 39.4992114895899],
            [-0.37663641892841, 39.4992969834638],
            [-0.37501197619168, 39.4992406464823],
            [-0.373033922273712, 39.4988879400223],
            [-0.371220928362409, 39.4983908306971],
            [-0.370498221690905, 39.49820229284],
            [-0.369901044421882, 39.5002712757361],
            [-0.368812598149228, 39.501832892298],
            [-0.367756851748233, 39.5045206109189],
            [-0.367695721942848, 39.5046818968287],
            [-0.367694038764628, 39.5047535863048],
            [-0.367775797806787, 39.5048190403678],
            [-0.367788469588526, 39.5049611520934],
            [-0.367798095556631, 39.5050000447078],
            [-0.367858652991803, 39.5050211908447],
            [-0.367965896332256, 39.5050461782892],
            [-0.368177409030714, 39.5051395166656],
            [-0.36816465275282, 39.505159515395],
            [-0.368369047471008, 39.5053400860041],
            [-0.368482860589693, 39.505440291643],
            [-0.368654466278405, 39.5055548147129],
            [-0.368733468256094, 39.5056308179701],
            [-0.368813082414761, 39.5057365188474],
            [-0.368930105058637, 39.5058869934588],
            [-0.369016233594056, 39.5060049855091],
            [-0.369074700962497, 39.5060710733548],
            [-0.369136959292977, 39.5061291571636],
            [-0.369248928777806, 39.5062181855114],
            [-0.369386627432759, 39.5063289758728],
            [-0.369486562298903, 39.5064041012776],
            [-0.36963585336292, 39.5065100368479],
            [-0.369658693766554, 39.5065510302351],
            [-0.369681446063641, 39.5066405967671],
            [-0.369706132519026, 39.5067904845829],
            [-0.369765936961163, 39.5068674038406],
            [-0.369852054561306, 39.5069395135063],
            [-0.369906374198899, 39.506977174547],
            [-0.369938516579525, 39.5070021897432],
            [-0.369965736193885, 39.5070516513272],
            [-0.369911354022343, 39.5071170669365],
            [-0.369828032220177, 39.5071758365616],
            [-0.369746296791773, 39.5072193722202],
            [-0.369658757386658, 39.5072576864792],
            [-0.369551212590329, 39.5073028448161],
            [-0.369509988287794, 39.507333288907],
            [-0.369494078128873, 39.5073629007667],
            [-0.369492230644287, 39.5073933715468],
            [-0.369502103438419, 39.5074115765286],
            [-0.369513395924919, 39.5074328405904],
            [-0.369540508361732, 39.50746048067],
            [-0.369570149524408, 39.507481205229],
            [-0.369617198038467, 39.5075180171175],
            [-0.369697224960386, 39.5075764939083],
            [-0.369785503138696, 39.5076255721421],
            [-0.369866920275695, 39.5076771075241],
            [-0.36992103936255, 39.5077127010183],
            [-0.369975637714288, 39.5077584041369],
            [-0.370053079114101, 39.5078293262917],
            [-0.370113639961297, 39.5078960916253],
            [-0.370174114414841, 39.5079654584988],
            [-0.370217735848688, 39.5080095887518],
            [-0.370266439719751, 39.5080527890144],
            [-0.370301746398662, 39.5080821098449],
            [-0.37037402735628, 39.5081369334768],
            [-0.370456769906222, 39.508183264372],
            [-0.3705621302516, 39.5082382870403],
            [-0.370622792476337, 39.5082727850919],
            [-0.370668157898388, 39.5082947390889],
            [-0.370719914788276, 39.5083310084652],
            [-0.370793193769793, 39.5083596930377],
            [-0.370831080331109, 39.5083940088842],
            [-0.370853330394692, 39.5084081336184],
            [-0.370899362190038, 39.5084719392075],
            [-0.370969103922919, 39.5085527943328],
            [-0.371042670340427, 39.5086491138865],
            [-0.371071840112669, 39.5087199880811],
            [-0.371092268262006, 39.5087679354079],
            [-0.371127982037302, 39.5088145439717],
            [-0.371174629598261, 39.5088392113912],
            [-0.371268754140377, 39.5088526741104],
            [-0.371326222545228, 39.508852226693],
            [-0.371407205868825, 39.5088558066674],
            [-0.371491898078666, 39.5088803887977],
            [-0.371555602606254, 39.5089236756625],
            [-0.371590343374099, 39.5089584696293],
            [-0.371611504983206, 39.5089946860601],
            [-0.371630653368727, 39.5090247670314],
            [-0.371650134935108, 39.50908672847],
            [-0.371688497977794, 39.5091451351913],
            [-0.371728396787132, 39.5091773071482],
            [-0.371763842874011, 39.5092097477207],
            [-0.371844784348557, 39.509242830081],
            [-0.371930341693451, 39.5092744042342],
            [-0.371993576301479, 39.5093002483148],
            [-0.37211464976302, 39.5093827773782],
            [-0.372236174282161, 39.5094465603155],
            [-0.372270696941293, 39.5094615479313],
            [-0.372624521041296, 39.5085856571119],
            [-0.373077905972165, 39.5072400929622],
            [-0.372787570320863, 39.5068821778535],
            [-0.372761117330391, 39.5064851947837],
            [-0.372979840668754, 39.5064090618361],
            [-0.373254241168622, 39.5060323941888],
            [-0.372938049908779, 39.5054351720363],
            [-0.374175823431035, 39.5051073074567],
            [-0.375412197099653, 39.5045271618109],
            [-0.375667622319311, 39.5045959928278],
            [-0.375821721969112, 39.5045183946878],
            [-0.376447377852528, 39.5048117956763],
            [-0.377132685517834, 39.504543492756],
            [-0.378372102132189, 39.5042291422084],
            [-0.378550973369718, 39.50391787162],
            [-0.378940326119888, 39.5036338711335],
            [-0.379725620626759, 39.5028317868979],
            [-0.380871076305115, 39.5034116529772],
            [-0.381100754693139, 39.5031600805556],
            [-0.381464227811675, 39.503370979089],
            [-0.381716958168925, 39.503705494606],
            [-0.381903742177967, 39.5037637562891],
            [-0.381711207015657, 39.5040522023891],
            [-0.381342621661488, 39.5044222635706],
            [-0.381160880234904, 39.5053325564833],
            [-0.3811275293871, 39.5056786420158],
            [-0.380847548433113, 39.5061858299896],
            [-0.380690073966612, 39.5070110856832],
            [-0.381051713264733, 39.5070777951139],
            [-0.380801750922557, 39.5076757470556],
            [-0.38106597716898, 39.5077042343419],
            [-0.381031578869285, 39.5080007479412],
            [-0.380640585069776, 39.5093342381594],
            [-0.380318435176785, 39.5092413915071],
            [-0.380155677733654, 39.5096070804214],
            [-0.381503955285991, 39.5099572867212],
            [-0.381415244111591, 39.5101129405185],
            [-0.381278198916044, 39.5101233647147],
            [-0.380694072162605, 39.5112182736363],
            [-0.380679936094563, 39.5115557831577],
            [-0.380566244641423, 39.5117378992901],
            [-0.38175592753214, 39.5121701193104],
            [-0.381750856038921, 39.5123051363139],
            [-0.38309890020957, 39.5127409114998],
            [-0.383034343112941, 39.5128340492628],
            [-0.384069218461194, 39.5131501401858],
            [-0.384082562020911, 39.5129882830407],
            [-0.384292016948763, 39.5129659727546],
            [-0.385766441876261, 39.5132694311903],
            [-0.38627776956266, 39.5125827571386],
            [-0.386555588155857, 39.5126565726998],
            [-0.387782623062969, 39.5124814712775],
            [-0.387874725999058, 39.5125646209732],
            [-0.388864977530683, 39.5124427500206],
            [-0.388906356567005, 39.5125607939249],
            [-0.390372098346221, 39.5126883188797],
            [-0.390540681362281, 39.5128452544892],
            [-0.390884082891884, 39.5129926028773],
            [-0.392446473477391, 39.5133745266931],
            [-0.392926998878945, 39.5134123370846],
            [-0.393624380421929, 39.5140270764406],
            [-0.394121756613915, 39.514294983544],
            [-0.394567822043356, 39.5143410230327],
            [-0.395227763908752, 39.514324290466],
            [-0.395203434187124, 39.5145669907463],
            [-0.397637726387548, 39.514454881651],
            [-0.397829486223446, 39.5144006198487],
            [-0.397729454757518, 39.5140425327715],
            [-0.398600806246902, 39.5140485426838],
            [-0.39903152676825, 39.5139410722555],
            [-0.400362249378408, 39.5146215062722]
          ]
        ]
      },
      "properties": {
        "objectid": 619,
        "codbarrio": "2",
        "nombre": "POBLE NOU",
        "coddistbar": "172",
        "coddistrit": "17",
        "gis.gis.BARRIOS.area": null
      }
    },
    {
      "type": "Feature",
      "id": 620,
      "geometry": {
        "type": "Polygon",
        "coordinates": [
          [
            [-0.355397863533979, 39.5253513921518],
            [-0.355087364910183, 39.5259593650217],
            [-0.354588824186361, 39.5268158929936],
            [-0.353927293087905, 39.5279851094229],
            [-0.353618667512212, 39.5285887243013],
            [-0.353470107712589, 39.5290264234709],
            [-0.353384022372103, 39.5292147257817],
            [-0.354154878720256, 39.5294814214287],
            [-0.354964029245674, 39.5297422184369],
            [-0.354998944480939, 39.5297363019714],
            [-0.355926516629078, 39.5300489130963],
            [-0.356373176395988, 39.530217613992],
            [-0.356694723463792, 39.5303359634469],
            [-0.356894298216582, 39.530422952207],
            [-0.357084225132128, 39.5305042258181],
            [-0.357309208805086, 39.5305862966626],
            [-0.357422049828721, 39.5306182861262],
            [-0.357540897342347, 39.5306458897499],
            [-0.357762793167937, 39.5307324118474],
            [-0.358022760467903, 39.5308175472439],
            [-0.358211908857049, 39.5308835225714],
            [-0.358500401489333, 39.530987404104],
            [-0.358841331494144, 39.5310970085665],
            [-0.358926484477058, 39.5310876206993],
            [-0.359179166975698, 39.5311866955231],
            [-0.359363692337332, 39.5312565277191],
            [-0.3597420852772, 39.5313805572778],
            [-0.359945218169148, 39.5314604057518],
            [-0.360244466519878, 39.5315894274834],
            [-0.360668585048958, 39.5317416543709],
            [-0.361056045370605, 39.5319142083754],
            [-0.361565246241521, 39.5321407317588],
            [-0.361640573087117, 39.5321444606103],
            [-0.361655974890513, 39.5320237875376],
            [-0.361690158133429, 39.5319002258287],
            [-0.36172686265214, 39.5317970179738],
            [-0.361809986600014, 39.5316796486576],
            [-0.362087869557739, 39.5311850304852],
            [-0.362206569746631, 39.5308144593525],
            [-0.362341084068505, 39.5304329862699],
            [-0.362022902889668, 39.5303071975273],
            [-0.362100263878496, 39.5301247533363],
            [-0.362162269612827, 39.5300052555563],
            [-0.362287971082001, 39.5295486389418],
            [-0.362367918072577, 39.5293377947565],
            [-0.362556028426175, 39.5290351302305],
            [-0.362402141244474, 39.5289064692589],
            [-0.362049348939766, 39.5286961318182],
            [-0.361739239278828, 39.5284867536994],
            [-0.361487409225742, 39.5283717764551],
            [-0.361278130778169, 39.5282375316982],
            [-0.361119107643689, 39.5281570390486],
            [-0.36144493922206, 39.5278366676368],
            [-0.3618694547898, 39.5279474769796],
            [-0.36265461331824, 39.5281355879541],
            [-0.362944694396209, 39.5282069189939],
            [-0.363171174494003, 39.5283010841229],
            [-0.363424192578111, 39.5284449846378],
            [-0.363846343376482, 39.5285569853449],
            [-0.364285550225633, 39.5287612153063],
            [-0.364492625773021, 39.5288256593022],
            [-0.365244398022856, 39.5291796745827],
            [-0.365519415845192, 39.5293332764689],
            [-0.366144843718096, 39.5283822294341],
            [-0.366943973763995, 39.5272140602087],
            [-0.366328575526624, 39.526928929501],
            [-0.366320659127189, 39.5268810849193],
            [-0.366484417388652, 39.5266640659497],
            [-0.366466416433941, 39.5266260374732],
            [-0.365770660939587, 39.5263908822149],
            [-0.365302129727989, 39.526236396596],
            [-0.365416006415622, 39.5259938972442],
            [-0.365551200510792, 39.5256866040606],
            [-0.365724687245838, 39.52525626417],
            [-0.365930021397248, 39.52485915856],
            [-0.366142972287612, 39.5244131277275],
            [-0.366237501594586, 39.5242009985984],
            [-0.366299844134424, 39.5239617711519],
            [-0.366379221121988, 39.5237473344584],
            [-0.366449645104009, 39.5235752519191],
            [-0.366356481638955, 39.523536789691],
            [-0.36598784542889, 39.5233754638126],
            [-0.365583505769129, 39.5232062913131],
            [-0.365330613817839, 39.5230871093349],
            [-0.365012278997645, 39.522996864874],
            [-0.364856575094448, 39.5229545955683],
            [-0.36451869219569, 39.5228141061579],
            [-0.364369268701176, 39.5227555828215],
            [-0.364256921479185, 39.5227129360619],
            [-0.364221664665111, 39.5227107758074],
            [-0.364132409338289, 39.5226557794044],
            [-0.363811187444637, 39.522456235494],
            [-0.363455388591068, 39.5222190963569],
            [-0.363376814814398, 39.5221514413248],
            [-0.363326953323719, 39.5221454629561],
            [-0.363236346027919, 39.5221830988353],
            [-0.36319807413759, 39.5221594921567],
            [-0.363142406446747, 39.5221000773527],
            [-0.362850641263094, 39.5216718915982],
            [-0.362794684095665, 39.5215494540951],
            [-0.362764833863123, 39.5214041505372],
            [-0.362624437454427, 39.5212446169976],
            [-0.36257796610944, 39.5211380248647],
            [-0.362573642959171, 39.5209854902372],
            [-0.36252644417889, 39.5208984304811],
            [-0.361961124729935, 39.5204501311497],
            [-0.361893740361374, 39.5203626037533],
            [-0.361975039341194, 39.5202159232262],
            [-0.362134224860562, 39.5200123734693],
            [-0.362148167837004, 39.5199110627359],
            [-0.362131391845184, 39.5196619421341],
            [-0.362140969122403, 39.5194089335748],
            [-0.3620255688551, 39.5190851524137],
            [-0.361973733171172, 39.5185749287474],
            [-0.36194549678158, 39.5182060832296],
            [-0.361830172872842, 39.5177402451011],
            [-0.361804330451904, 39.5174651896057],
            [-0.361826480189858, 39.5173034725975],
            [-0.36182826117672, 39.5171642472486],
            [-0.361776794109101, 39.516908888448],
            [-0.361711806449115, 39.5167197339499],
            [-0.36166999678105, 39.5165543212631],
            [-0.361465475645083, 39.5164602918651],
            [-0.361323768499896, 39.516711722818],
            [-0.360860454234264, 39.5165458252026],
            [-0.360497410740896, 39.5164389769161],
            [-0.360243546738612, 39.516347247605],
            [-0.360185960662859, 39.5164836013191],
            [-0.36014411017715, 39.5166000249326],
            [-0.359993723291485, 39.5167568275928],
            [-0.35995417588148, 39.5168124405707],
            [-0.359856346011002, 39.5170724971376],
            [-0.359773303139714, 39.5171844530419],
            [-0.359664507971193, 39.5173384798708],
            [-0.3595336689929, 39.5174624749939],
            [-0.359380479060066, 39.5175531882196],
            [-0.359210285067172, 39.5176478569119],
            [-0.358973091396547, 39.5177815774784],
            [-0.35885032907181, 39.5178854497694],
            [-0.358698233817148, 39.5180457432377],
            [-0.358427505768509, 39.51825890479],
            [-0.358184718898728, 39.5184277746338],
            [-0.357938334615603, 39.5186062104692],
            [-0.357692877936482, 39.5188110713954],
            [-0.357430649531531, 39.519076908606],
            [-0.357240641987195, 39.519290543085],
            [-0.356900758764681, 39.5196326999609],
            [-0.356648628276852, 39.5198609194661],
            [-0.355601975590364, 39.5193977536363],
            [-0.3552349517144, 39.5199583074144],
            [-0.354852467730503, 39.5198173242755],
            [-0.35447001304232, 39.520491511307],
            [-0.354393354780049, 39.5204953149221],
            [-0.354336331325345, 39.5205269881478],
            [-0.354230283525045, 39.5206507759176],
            [-0.354160397939783, 39.5207298572101],
            [-0.354070809364372, 39.5207029076845],
            [-0.35397887831927, 39.5206540225931],
            [-0.35371671199665, 39.5208061716937],
            [-0.353302469141197, 39.5211163545555],
            [-0.352980729585696, 39.5213151250255],
            [-0.352648681142669, 39.521523722372],
            [-0.352320871008257, 39.5217811343909],
            [-0.352106009474956, 39.5219637532693],
            [-0.351759205245792, 39.522232658217],
            [-0.351436454085549, 39.5225266411689],
            [-0.35121018771152, 39.5228341201011],
            [-0.351279136256613, 39.5228688802357],
            [-0.351259428946172, 39.5228955650923],
            [-0.351479187415575, 39.5229548439553],
            [-0.351696091559889, 39.5230506686846],
            [-0.351894975266522, 39.5231058583938],
            [-0.352095234171436, 39.5231863935536],
            [-0.352226509037433, 39.5232110516348],
            [-0.352792096539366, 39.5233897195155],
            [-0.353112420525571, 39.5234860064512],
            [-0.353219926988135, 39.5234985366647],
            [-0.353307550894644, 39.5234762365923],
            [-0.353463747173469, 39.5234043202568],
            [-0.354301217569546, 39.5237739339703],
            [-0.355028377350617, 39.5240929326977],
            [-0.355256475214877, 39.5241272960995],
            [-0.35572549402978, 39.5241484231883],
            [-0.356052743317213, 39.5242448056575],
            [-0.355823885534904, 39.5246105210023],
            [-0.355397863533979, 39.5253513921518]
          ]
        ]
      },
      "properties": {
        "objectid": 620,
        "codbarrio": "4",
        "nombre": "LES CASES DE BARCENA",
        "coddistbar": "174",
        "coddistrit": "17",
        "gis.gis.BARRIOS.area": null
      }
    },
    {
      "type": "Feature",
      "id": 621,
      "geometry": {
        "type": "Polygon",
        "coordinates": [
          [
            [-0.329605861492935, 39.5464917217031],
            [-0.329612333864647, 39.5466327115673],
            [-0.329757632653785, 39.5466542855333],
            [-0.33004276118435, 39.546753268869],
            [-0.330306839805206, 39.5468364980349],
            [-0.330691247427856, 39.546971652191],
            [-0.331233620625222, 39.5471595498983],
            [-0.331594698318387, 39.5473051015228],
            [-0.332086354470605, 39.5475133337235],
            [-0.332331670678333, 39.5475922716559],
            [-0.332075718251013, 39.5479281084806],
            [-0.331760756474316, 39.548257535258],
            [-0.331647311627756, 39.5484500471797],
            [-0.332596898643193, 39.5487586669824],
            [-0.333044729971562, 39.5488874054689],
            [-0.333527156436388, 39.5490408003599],
            [-0.333877512907537, 39.5491497670083],
            [-0.334150997514858, 39.5492569592375],
            [-0.333810448834082, 39.5498507393974],
            [-0.333681176536558, 39.5500792128119],
            [-0.333783183922209, 39.5501229582093],
            [-0.333561374654229, 39.5504839052748],
            [-0.333361963309268, 39.5508002148204],
            [-0.332824006039094, 39.5506118966927],
            [-0.332632054095651, 39.5509226377325],
            [-0.332497103952275, 39.55113058378],
            [-0.332457203771023, 39.5511781879106],
            [-0.332496942861005, 39.5512198106309],
            [-0.332262245405234, 39.5515575681],
            [-0.332021421147467, 39.5518644468504],
            [-0.332043174443704, 39.5518852970528],
            [-0.332144782291792, 39.551881820461],
            [-0.332247482906566, 39.5519217905048],
            [-0.332364115115139, 39.5519450090771],
            [-0.332515415861628, 39.5520182829869],
            [-0.332663841128421, 39.5520682123488],
            [-0.332790636044417, 39.5520943844958],
            [-0.332864485815354, 39.5520873690421],
            [-0.332973950688019, 39.5520753427846],
            [-0.333053360258396, 39.5520626262911],
            [-0.333152226694116, 39.5520329067707],
            [-0.3333806298618, 39.5520556007213],
            [-0.333596987924346, 39.5520983682105],
            [-0.333735828551255, 39.5521044653545],
            [-0.33385721591244, 39.552075262226],
            [-0.333911907090726, 39.5520212586787],
            [-0.333964288964637, 39.5519294108584],
            [-0.334104872990342, 39.5516317222299],
            [-0.334311437990364, 39.5511450060352],
            [-0.334579821943169, 39.5512446120865],
            [-0.33480633214915, 39.551316690175],
            [-0.335065751562524, 39.5514127922418],
            [-0.335362503798084, 39.5515155608114],
            [-0.335521829545015, 39.5513059904625],
            [-0.335710975018115, 39.5510776902984],
            [-0.335864886771965, 39.5508863818898],
            [-0.336142861066415, 39.5509887177315],
            [-0.336453998189226, 39.5511093802865],
            [-0.336958506865094, 39.5512960409472],
            [-0.337215376662953, 39.5513882961462],
            [-0.337401019187465, 39.5510552143996],
            [-0.337539254654313, 39.5508011504722],
            [-0.337526701142943, 39.5506380134333],
            [-0.337615291266309, 39.5504119813303],
            [-0.337775667160564, 39.5500332224313],
            [-0.337963324886137, 39.5500014620058],
            [-0.338170524926952, 39.5499437177737],
            [-0.33827385027506, 39.5498736381768],
            [-0.338354363047387, 39.5497269847127],
            [-0.33848281895861, 39.5495468366077],
            [-0.338546982203645, 39.549478688063],
            [-0.338608626011651, 39.5494764340607],
            [-0.338709373245144, 39.5494421043598],
            [-0.33880292873766, 39.5494120420462],
            [-0.338911406989639, 39.5493909878764],
            [-0.338978201269628, 39.5493581051638],
            [-0.339034889942844, 39.5492833439086],
            [-0.339087803706527, 39.5491849565424],
            [-0.339138565304466, 39.5490311436795],
            [-0.339224576447646, 39.5488863902316],
            [-0.339355187471163, 39.5487782335449],
            [-0.339463475490155, 39.5487721738884],
            [-0.339740499791328, 39.5488941181952],
            [-0.340116165127218, 39.5490496349223],
            [-0.340528517154683, 39.5492400071445],
            [-0.340910079251429, 39.5493966112678],
            [-0.341207419968931, 39.5495348634544],
            [-0.341608949677269, 39.5497247859537],
            [-0.341906751805184, 39.5498507230956],
            [-0.342243253136158, 39.5500072825895],
            [-0.342323684851361, 39.5500219423651],
            [-0.342586971132799, 39.549538039997],
            [-0.342811189392089, 39.5491343210694],
            [-0.34301565000665, 39.5487731840314],
            [-0.343392487651159, 39.5480974433448],
            [-0.343711312301563, 39.5475436490384],
            [-0.343624498790071, 39.5475093675778],
            [-0.343561870202364, 39.5475097279446],
            [-0.343500541288797, 39.5474760292453],
            [-0.343422477693867, 39.5474054807146],
            [-0.343090239341285, 39.5472600397974],
            [-0.342938830634819, 39.5472261449923],
            [-0.342386533111934, 39.5469907071109],
            [-0.341875023945388, 39.5467534434452],
            [-0.341668678186901, 39.5466209331925],
            [-0.341217348736474, 39.5463832512676],
            [-0.340996330137348, 39.5462986272907],
            [-0.340741849586464, 39.5461840757747],
            [-0.340534413681879, 39.546096347623],
            [-0.340398376635774, 39.5459787777763],
            [-0.340162151017201, 39.5458320496937],
            [-0.340009376271774, 39.5457977865023],
            [-0.339785201421905, 39.5457495640032],
            [-0.3394231027543, 39.5456246892332],
            [-0.339030420027009, 39.545443349114],
            [-0.33888958108707, 39.5455288306609],
            [-0.338573421197682, 39.5457446319474],
            [-0.338325830205381, 39.5457343009959],
            [-0.33799758418706, 39.5457521288609],
            [-0.337751547578226, 39.5457617053922],
            [-0.337686869168357, 39.5457399444236],
            [-0.337691033227925, 39.5456310532089],
            [-0.337875224229332, 39.5454401115239],
            [-0.338011842565629, 39.5452937080723],
            [-0.338080555352532, 39.5451079929622],
            [-0.338065276359564, 39.5449935932615],
            [-0.337987256547874, 39.5448067764714],
            [-0.337803171241041, 39.5445668549722],
            [-0.337657680929536, 39.5443455468702],
            [-0.337527613390891, 39.5441329431384],
            [-0.337511076707462, 39.5440514591757],
            [-0.337515533120373, 39.543680548962],
            [-0.337100701335769, 39.5435645930138],
            [-0.337135002556058, 39.5434386546785],
            [-0.337199056118393, 39.5432196093201],
            [-0.337226002045846, 39.5431223029924],
            [-0.337257203790399, 39.5430773984625],
            [-0.337469875733494, 39.5424841170597],
            [-0.33756049435464, 39.5422555456538],
            [-0.337205802679449, 39.5421748772325],
            [-0.336894565839127, 39.5421000957555],
            [-0.336803893803774, 39.5420763059734],
            [-0.336949619098417, 39.5418729795794],
            [-0.336958965686332, 39.541812349415],
            [-0.337092581155359, 39.5415535581593],
            [-0.337188976463361, 39.5413403530868],
            [-0.337308039350536, 39.5411136861182],
            [-0.337589249154098, 39.5411913185951],
            [-0.337780602036599, 39.5412479186964],
            [-0.338013384187721, 39.5413195394822],
            [-0.338157451469309, 39.5413481554258],
            [-0.33830974795202, 39.5413888692108],
            [-0.338622284938413, 39.5414539473177],
            [-0.338862707357272, 39.5415290656658],
            [-0.338998417113667, 39.5415705786763],
            [-0.339133440866589, 39.5415877254116],
            [-0.339465482229973, 39.541672850911],
            [-0.33982648473925, 39.5417491436197],
            [-0.340057193240654, 39.5417926058302],
            [-0.340298949826144, 39.5418471850092],
            [-0.340481582755947, 39.5418830052407],
            [-0.340680380067779, 39.5419239338246],
            [-0.340740861706396, 39.5419071480635],
            [-0.34076152060784, 39.5417802475906],
            [-0.340795941789122, 39.5417012369186],
            [-0.340899896632683, 39.541467112437],
            [-0.341011161944681, 39.5411676712406],
            [-0.341097036620773, 39.5409691312697],
            [-0.341165566662211, 39.5407909051112],
            [-0.341264761819897, 39.5406018317178],
            [-0.341396767700218, 39.5403307736636],
            [-0.341538829397902, 39.5400294332457],
            [-0.341652289162722, 39.5397427707882],
            [-0.341512291449949, 39.5396947666039],
            [-0.34115261114817, 39.5395633494385],
            [-0.340756009810111, 39.539413167679],
            [-0.341064602011557, 39.5391170095331],
            [-0.340862596010243, 39.5390250281931],
            [-0.340563306037972, 39.538903946342],
            [-0.340291969604572, 39.539235693635],
            [-0.340131004052902, 39.5394336036009],
            [-0.340062105601833, 39.5394185849326],
            [-0.339830260968434, 39.5392744069703],
            [-0.339655738019694, 39.5391787648279],
            [-0.339389060622302, 39.5389782407985],
            [-0.339299089934506, 39.5388953722375],
            [-0.339703459933434, 39.5384254003628],
            [-0.340249109183566, 39.5378706114082],
            [-0.340510371683067, 39.5375670107441],
            [-0.340338613983344, 39.5375132872121],
            [-0.340013987069817, 39.5374191182948],
            [-0.339756944053432, 39.5373548555893],
            [-0.339666802641993, 39.5373843124348],
            [-0.339507727348404, 39.5374953583275],
            [-0.338679417837692, 39.5381138904604],
            [-0.338532844971932, 39.5380103558354],
            [-0.338284068773281, 39.5378071044667],
            [-0.337919535011946, 39.5375197073438],
            [-0.337413390882456, 39.5371321299453],
            [-0.337214332854659, 39.5369897974458],
            [-0.337010961548904, 39.5368343211844],
            [-0.3369764556591, 39.536855871584],
            [-0.336829691226995, 39.5367757349527],
            [-0.336566223682076, 39.5366188890711],
            [-0.336361289262326, 39.5365043472357],
            [-0.336139349929887, 39.5363741904316],
            [-0.335823267248385, 39.5361947316652],
            [-0.335629440251904, 39.5360876412337],
            [-0.335424273203504, 39.5359689214219],
            [-0.335291403056763, 39.5359146501565],
            [-0.335116348088785, 39.535852447252],
            [-0.334966902021163, 39.5357968944677],
            [-0.334822126318881, 39.5357451692283],
            [-0.334677164871116, 39.5357077272813],
            [-0.334506548794834, 39.5356499494756],
            [-0.334140948364394, 39.5355467342606],
            [-0.333929022326397, 39.5354846382907],
            [-0.33373650445933, 39.5354112491484],
            [-0.333686512011102, 39.5354291819591],
            [-0.333652716185551, 39.5355193936417],
            [-0.333639430406116, 39.5357469896933],
            [-0.333595520901286, 39.5359983412733],
            [-0.333577071803855, 39.5360915537526],
            [-0.333553515343966, 39.5362689339784],
            [-0.333537126820313, 39.5365094852822],
            [-0.333512529063567, 39.5367012914678],
            [-0.333516189003597, 39.5368691526957],
            [-0.333523578187365, 39.5369833719047],
            [-0.333521490368145, 39.537163091702],
            [-0.333520691391915, 39.5373070226674],
            [-0.333520659583341, 39.5374330440171],
            [-0.333526256813782, 39.5374834588204],
            [-0.33344359062261, 39.5375090465196],
            [-0.33336090696821, 39.5375044007121],
            [-0.332951329011118, 39.537353254997],
            [-0.332514455803569, 39.5371997423597],
            [-0.332260098936717, 39.5370840943961],
            [-0.331910326549548, 39.5369305349369],
            [-0.331520072512396, 39.5367270553971],
            [-0.331126194568075, 39.5365189239111],
            [-0.330752255885438, 39.5363169788089],
            [-0.330558234966208, 39.5365930405381],
            [-0.330434708655776, 39.5367646181778],
            [-0.330396560480222, 39.5368723317198],
            [-0.330413617062918, 39.5369824941459],
            [-0.330449648947658, 39.5372070971504],
            [-0.330498116968853, 39.5374557147343],
            [-0.330531938349142, 39.5375716676161],
            [-0.33055975251668, 39.5377335526729],
            [-0.330589368651719, 39.5378587508639],
            [-0.33092736115682, 39.537971819999],
            [-0.331348628718146, 39.5381312230752],
            [-0.331405857547415, 39.5381358350478],
            [-0.331696758266935, 39.5382913408499],
            [-0.332125883094518, 39.5385233241672],
            [-0.332179599548796, 39.5385640518528],
            [-0.332522994163694, 39.5387391479232],
            [-0.332764449433597, 39.5388746694725],
            [-0.333076629491862, 39.5390513173332],
            [-0.33329431130919, 39.5391724006117],
            [-0.333567066253858, 39.5393234493193],
            [-0.333633725320805, 39.5393595367087],
            [-0.333499461952716, 39.5395341592638],
            [-0.333319844005176, 39.5397862778387],
            [-0.333137625927611, 39.5400470117461],
            [-0.333022355473733, 39.5402223580512],
            [-0.332972461170973, 39.5402828946675],
            [-0.333072233333724, 39.5403332826934],
            [-0.333038847345121, 39.540368956131],
            [-0.33297567486372, 39.5404447458113],
            [-0.332820991876455, 39.5405986111744],
            [-0.332730640168574, 39.5406956406024],
            [-0.332543417515624, 39.5408414793668],
            [-0.332314213028484, 39.540980975469],
            [-0.332525081985979, 39.5411081106999],
            [-0.332889681859463, 39.5413049621703],
            [-0.333311317178148, 39.5415365170321],
            [-0.333002019926574, 39.5418900318881],
            [-0.332858606212647, 39.5420743259565],
            [-0.333154187869703, 39.5421868023059],
            [-0.333431199518803, 39.5422804649384],
            [-0.333565738081698, 39.5423242546027],
            [-0.333884378276306, 39.5424392944024],
            [-0.334148638544141, 39.542546049502],
            [-0.334290195118285, 39.542610178783],
            [-0.334194870159891, 39.5427343643657],
            [-0.334074674894651, 39.5428878517252],
            [-0.333936151884677, 39.5431592739018],
            [-0.333760596629045, 39.5434026126854],
            [-0.333724125120725, 39.543464439641],
            [-0.333705670338114, 39.5435182390611],
            [-0.333721372726082, 39.5435724712286],
            [-0.333721182617711, 39.543616023678],
            [-0.333684088378355, 39.5436564317753],
            [-0.333517591184552, 39.5438138914487],
            [-0.333409380459814, 39.5439849137559],
            [-0.333356338297659, 39.5440725843267],
            [-0.333352656537207, 39.5441292182404],
            [-0.333410068120875, 39.5442057494988],
            [-0.333348858288873, 39.5443158802862],
            [-0.333130024924257, 39.544515766665],
            [-0.333022820207411, 39.5445817978872],
            [-0.332977098634825, 39.5446378088122],
            [-0.332846430847733, 39.5448111886487],
            [-0.332681119351741, 39.5450657424217],
            [-0.332514303174961, 39.5452201393078],
            [-0.332244622687423, 39.5454344141038],
            [-0.33213033529895, 39.5455303526438],
            [-0.331908646059502, 39.5453670416116],
            [-0.331695453451315, 39.5451572425658],
            [-0.331598201600536, 39.5451186675045],
            [-0.331296702257278, 39.5450261494415],
            [-0.33109654830609, 39.5450008035705],
            [-0.330762721902606, 39.5449171895706],
            [-0.330175299770333, 39.5447636312596],
            [-0.329600267447491, 39.5446362907274],
            [-0.329575140491378, 39.5446798103321],
            [-0.329587805832168, 39.544786448527],
            [-0.329582940786671, 39.5451753928359],
            [-0.329599958286353, 39.5455095451952],
            [-0.329601041996663, 39.5460931678024],
            [-0.329605861492935, 39.5464917217031]
          ]
        ]
      },
      "properties": {
        "objectid": 621,
        "codbarrio": "5",
        "nombre": "MAHUELLA-TAULADELLA",
        "coddistbar": "175",
        "coddistrit": "17",
        "gis.gis.BARRIOS.area": null
      }
    },
    {
      "type": "Feature",
      "id": 249,
      "geometry": {
        "type": "Polygon",
        "coordinates": [
          [
            [-0.350177407880421, 39.422233875474],
            [-0.350166158061503, 39.4221307383196],
            [-0.350154110128233, 39.421987052291],
            [-0.350126865527857, 39.4218462269896],
            [-0.350105176869442, 39.421717870413],
            [-0.350088319431082, 39.4216131369808],
            [-0.350066297308527, 39.421493583419],
            [-0.350050128130751, 39.4214160542878],
            [-0.350044931425958, 39.421302767026],
            [-0.350037422740458, 39.4210052777593],
            [-0.350011791838374, 39.4206759796281],
            [-0.349972133965138, 39.4203704873413],
            [-0.349967043192594, 39.4201036020703],
            [-0.349954085363488, 39.4199171213618],
            [-0.349946082018338, 39.4197494739243],
            [-0.349931049705672, 39.4195371266304],
            [-0.349901801833245, 39.4192990053391],
            [-0.3498581920345, 39.41889982121],
            [-0.349844095913014, 39.418595650275],
            [-0.34981988436236, 39.4183726794798],
            [-0.34980200568526, 39.4181373758267],
            [-0.349777774342429, 39.4179461967007],
            [-0.349770745522615, 39.4177534548284],
            [-0.349752242461178, 39.4175450552844],
            [-0.349736282967539, 39.4172719853151],
            [-0.349735269623929, 39.4170728311486],
            [-0.349739753744072, 39.4169281345311],
            [-0.349748176072939, 39.4168318420225],
            [-0.349736802740817, 39.4166896937376],
            [-0.34972532007263, 39.4164241490714],
            [-0.349713374166445, 39.416297726143],
            [-0.349701966459178, 39.4161555680537],
            [-0.349688567519698, 39.4160359226656],
            [-0.349670807127463, 39.4159568977363],
            [-0.349656278045403, 39.4158309113898],
            [-0.349628521353553, 39.4157392263738],
            [-0.349613636339821, 39.4156517536473],
            [-0.349620217630588, 39.4155562299528],
            [-0.349641979423788, 39.415413792042],
            [-0.349713101795031, 39.4149130272291],
            [-0.349738155722091, 39.4145650648655],
            [-0.349780223639122, 39.4142450033079],
            [-0.349796073526585, 39.4140620890264],
            [-0.349811782580593, 39.4139218193229],
            [-0.349831722011607, 39.4137517367388],
            [-0.349844747258906, 39.413643675469],
            [-0.349863178478206, 39.4135345482655],
            [-0.349897761601968, 39.4133828892068],
            [-0.349933997179646, 39.413212745647],
            [-0.349961766511082, 39.4130309408397],
            [-0.349986321329268, 39.4128567292598],
            [-0.350024711276871, 39.4126674099181],
            [-0.350034058040126, 39.4125031487481],
            [-0.350051842252609, 39.4123163506182],
            [-0.35005774247901, 39.4122191536962],
            [-0.350071824774917, 39.4120865403737],
            [-0.350087139119257, 39.4119367302434],
            [-0.350141715825478, 39.4116416827734],
            [-0.350185843966788, 39.4114096841559],
            [-0.350237245319352, 39.4112189856172],
            [-0.350277204900893, 39.4110261974723],
            [-0.350319281340502, 39.4108461960436],
            [-0.350352924284002, 39.4106502999843],
            [-0.350388502720957, 39.4104036021609],
            [-0.350397570309185, 39.4102831625143],
            [-0.35042530927452, 39.410127842779],
            [-0.350456000653154, 39.4100098598682],
            [-0.35047860744715, 39.4098747470786],
            [-0.350504550218296, 39.4097668449191],
            [-0.350517521657297, 39.4096552417972],
            [-0.350526129879635, 39.4095435482438],
            [-0.350564646905454, 39.4093342138656],
            [-0.350618981421018, 39.4090540250825],
            [-0.350640678056604, 39.4089426207699],
            [-0.35066512107532, 39.4087924239255],
            [-0.350692047049503, 39.4086499501738],
            [-0.35072283742702, 39.4084860783979],
            [-0.350746237387938, 39.408355442966],
            [-0.350769558870172, 39.4082271840708],
            [-0.350785895583522, 39.4081202250544],
            [-0.350802346711705, 39.4080163766898],
            [-0.350799450177184, 39.4078493589065],
            [-0.350786968011144, 39.4076916720579],
            [-0.350794476618314, 39.4074976666628],
            [-0.35079934165882, 39.4072879076259],
            [-0.350809030800634, 39.4069556482134],
            [-0.350827807333776, 39.4067032700309],
            [-0.350817410615075, 39.406319977271],
            [-0.350813860644373, 39.4059263812436],
            [-0.350805874074991, 39.4056502674863],
            [-0.350814019832269, 39.4053538460323],
            [-0.350815550986673, 39.4051511549744],
            [-0.350860878863367, 39.4047658076373],
            [-0.350899078340062, 39.4044098468329],
            [-0.350938067254338, 39.4041167586767],
            [-0.350971125356437, 39.4038122292603],
            [-0.350998712140843, 39.4034736928962],
            [-0.35101979064593, 39.4033368243356],
            [-0.351038560692989, 39.4031655344318],
            [-0.351066734603531, 39.4029896931007],
            [-0.351095563263776, 39.4027971642774],
            [-0.351115283557223, 39.4026789851162],
            [-0.351137950856369, 39.4024863249018],
            [-0.351140457257737, 39.4023385108263],
            [-0.351141006348825, 39.4021620310525],
            [-0.351073942464728, 39.401902931198],
            [-0.351018079641441, 39.4017399766628],
            [-0.350902224226806, 39.4013915864299],
            [-0.350790443575049, 39.4010957023923],
            [-0.350720484910324, 39.40090392253],
            [-0.350663732213327, 39.4007786225376],
            [-0.35058471987796, 39.400590753327],
            [-0.350537371993645, 39.400460883891],
            [-0.350424976810199, 39.4003438561406],
            [-0.35017975664944, 39.4001617842031],
            [-0.349910600776674, 39.399929869772],
            [-0.349703559382794, 39.3997610632457],
            [-0.349637052019287, 39.3996879808939],
            [-0.349507994566736, 39.399505708749],
            [-0.34934877791378, 39.3993054699204],
            [-0.349242157392357, 39.3991820052523],
            [-0.349135224778765, 39.3990615783626],
            [-0.349039743357689, 39.3989355837518],
            [-0.34897828977338, 39.3988587875019],
            [-0.348912797716154, 39.3987604760987],
            [-0.348870995458799, 39.3986323720599],
            [-0.348835539731404, 39.3985316825013],
            [-0.348803328382997, 39.398467958139],
            [-0.348745420302881, 39.3984021072848],
            [-0.348651261328427, 39.3983451502801],
            [-0.348387540399316, 39.3981956611506],
            [-0.348303665076049, 39.3981314700683],
            [-0.348198592151177, 39.3980450931421],
            [-0.348044937144005, 39.3979296175215],
            [-0.347881860492156, 39.3977772067309],
            [-0.347784318180382, 39.3976909922068],
            [-0.347686266490598, 39.3976176125965],
            [-0.347575074102314, 39.3975334288079],
            [-0.34742738555141, 39.3974079445398],
            [-0.347305403065343, 39.3972858753682],
            [-0.347171808879414, 39.397158009699],
            [-0.347054767626469, 39.3970293594401],
            [-0.346958486038693, 39.3969215787999],
            [-0.346846249079543, 39.3967626961701],
            [-0.346727978018765, 39.3965908651542],
            [-0.346597368862748, 39.3963883025472],
            [-0.346522299084031, 39.3962294570227],
            [-0.346453078290694, 39.3960569163617],
            [-0.346326852116667, 39.3958214811105],
            [-0.346217869472355, 39.3956304385091],
            [-0.346139951528004, 39.3954757078356],
            [-0.345957305997982, 39.3951411663279],
            [-0.345845146568266, 39.3949626091976],
            [-0.345735622401778, 39.3947862201908],
            [-0.345631914787215, 39.3945899552242],
            [-0.345514813996075, 39.3943960059669],
            [-0.345385509199638, 39.3942422096599],
            [-0.345298374153291, 39.3941166007923],
            [-0.345241413989949, 39.394010013848],
            [-0.345178374922276, 39.3938377847488],
            [-0.3450816669024, 39.3935684732317],
            [-0.345006249823799, 39.3933641511556],
            [-0.344969900621288, 39.3932746740655],
            [-0.344915109746873, 39.3931295966491],
            [-0.344776433613983, 39.3929358386431],
            [-0.344671727925958, 39.3927583695191],
            [-0.344567742845576, 39.3925622234013],
            [-0.34449562626625, 39.3923995071602],
            [-0.344380984576463, 39.3922018112066],
            [-0.34419396147204, 39.391929832525],
            [-0.343903773681817, 39.3915760748914],
            [-0.343660893776473, 39.3912763423564],
            [-0.343397361014741, 39.3909809031233],
            [-0.343101875866722, 39.3906665893513],
            [-0.342858713119938, 39.39038671322],
            [-0.342562440694011, 39.3900648216893],
            [-0.342368500817581, 39.3898047178644],
            [-0.342082062412198, 39.3894407353518],
            [-0.341884816234961, 39.3891757624487],
            [-0.341614905263768, 39.3888273275412],
            [-0.341387305498502, 39.3886087580788],
            [-0.341049936210835, 39.3882685450052],
            [-0.340859467444652, 39.3880878860394],
            [-0.34068596193257, 39.3879509202692],
            [-0.340463608078395, 39.3877823600111],
            [-0.340121855670431, 39.3875051780429],
            [-0.339939466745301, 39.3873423687817],
            [-0.339741024682244, 39.3871792009664],
            [-0.339608745724274, 39.3870704286043],
            [-0.339367617492285, 39.3868388162252],
            [-0.338948348388669, 39.3864684082716],
            [-0.338585492104789, 39.3861698113341],
            [-0.338346769122789, 39.385970377479],
            [-0.337915699296879, 39.3855497056492],
            [-0.337737245500965, 39.3853783165809],
            [-0.337602751326299, 39.3852873648099],
            [-0.337514429315529, 39.3853007745906],
            [-0.336081427457992, 39.3856057843748],
            [-0.335256085523381, 39.3834427765815],
            [-0.334462537490834, 39.3835326940484],
            [-0.334409651949437, 39.3851305423106],
            [-0.332045260706019, 39.3848961292153],
            [-0.331798531783456, 39.3868949160202],
            [-0.33137271164899, 39.3890607231101],
            [-0.330808944253272, 39.3903900532022],
            [-0.33089673358263, 39.3914550834273],
            [-0.329946901572105, 39.3911314884029],
            [-0.329331241947232, 39.3917479395127],
            [-0.328767836468196, 39.3924016320204],
            [-0.328092287312977, 39.3976606121229],
            [-0.33088571855791, 39.4082016937706],
            [-0.333140671787318, 39.417027741336],
            [-0.333587308102917, 39.4195513518878],
            [-0.33418803532335, 39.4218803184927],
            [-0.335023947854442, 39.4250479511895],
            [-0.336054843067296, 39.4263417757019],
            [-0.33684604421364, 39.4263644004012],
            [-0.337642533775684, 39.4265718211579],
            [-0.34608062758209, 39.4295348305581],
            [-0.344116989131437, 39.4223327464929],
            [-0.344120506433917, 39.4213238760342],
            [-0.345780471843104, 39.4214068241292],
            [-0.35010929150954, 39.4222667724821],
            [-0.350177407880421, 39.422233875474]
          ]
        ]
      },
      "properties": {
        "objectid": 249,
        "codbarrio": "3",
        "nombre": "PINEDO",
        "coddistbar": "193",
        "coddistrit": "19",
        "gis.gis.BARRIOS.area": null
      }
    },
    {
      "type": "Feature",
      "id": 633,
      "geometry": {
        "type": "Polygon",
        "coordinates": [
          [
            [-0.417131556218082, 39.5517693781086],
            [-0.417574992568286, 39.5520729144048],
            [-0.417730661095387, 39.5521705258293],
            [-0.418176311540066, 39.5527847218783],
            [-0.418531414339195, 39.5533387973667],
            [-0.418865299310608, 39.5538585724058],
            [-0.419280889786811, 39.5545087799045],
            [-0.419546073263642, 39.5549266329732],
            [-0.419931919422207, 39.5553168694312],
            [-0.420299306669738, 39.5556890465037],
            [-0.420489188571098, 39.5558768260564],
            [-0.420914577597305, 39.5563098101822],
            [-0.42101395403892, 39.5564203470675],
            [-0.42109621204096, 39.5565085674655],
            [-0.421197689638439, 39.5566387358768],
            [-0.421533051283172, 39.5570137294784],
            [-0.422179466911573, 39.5575822785887],
            [-0.422640795800014, 39.5580723498569],
            [-0.422999914187629, 39.558410876535],
            [-0.423486227053182, 39.5589085707056],
            [-0.423759563980476, 39.5591799056816],
            [-0.424062065877913, 39.5594903091967],
            [-0.424351721977354, 39.5597821483088],
            [-0.424758261585939, 39.5601936201063],
            [-0.425196789065725, 39.5606412580985],
            [-0.425383649277705, 39.5608478721686],
            [-0.425544477735627, 39.5610320717084],
            [-0.425686923569442, 39.561180251984],
            [-0.42579343314195, 39.5613025372188],
            [-0.425940107293242, 39.5614358653851],
            [-0.426156769411305, 39.5616370668211],
            [-0.426443569799591, 39.5619169009224],
            [-0.426688829806485, 39.5621467883193],
            [-0.426899715261974, 39.5623308969212],
            [-0.427468941977481, 39.5621995556338],
            [-0.428570109907834, 39.5620026948818],
            [-0.429296012693763, 39.5618682098598],
            [-0.429667427440234, 39.5617819822976],
            [-0.430359020119882, 39.5616208761254],
            [-0.431150193000682, 39.5614543559281],
            [-0.431856041609169, 39.5613044656674],
            [-0.432534966853623, 39.5611851732565],
            [-0.432531595595702, 39.5611358568409],
            [-0.432521208748453, 39.5610536655166],
            [-0.432502913932379, 39.5608984365108],
            [-0.432492099044439, 39.5607638137333],
            [-0.432503405401476, 39.5605605287083],
            [-0.432502142303186, 39.5604228468967],
            [-0.432474466896793, 39.5600947575693],
            [-0.432420393603075, 39.559839587157],
            [-0.43240026214441, 39.5597518111668],
            [-0.432347448318674, 39.5595953145156],
            [-0.432257717732778, 39.5593583822396],
            [-0.432216270838673, 39.5592490004136],
            [-0.432188593100378, 39.5591197253408],
            [-0.432182297014041, 39.5589408792961],
            [-0.432184477386567, 39.5588174443729],
            [-0.432216282737204, 39.5585979733393],
            [-0.432248251026116, 39.558454197531],
            [-0.432261622892558, 39.5584132059858],
            [-0.43224268884271, 39.5583346273519],
            [-0.432169762462034, 39.5581450922444],
            [-0.432083815865018, 39.5579753587697],
            [-0.431963134230962, 39.5577143551818],
            [-0.431896496755519, 39.5575758314472],
            [-0.431856266493339, 39.5574426662164],
            [-0.431667630458572, 39.5570669105632],
            [-0.431586825148418, 39.556905200105],
            [-0.431466632283547, 39.5566868633147],
            [-0.431430474979293, 39.5565780215846],
            [-0.431260038901843, 39.5562610805944],
            [-0.43119795212436, 39.5561541517491],
            [-0.431067867956484, 39.5559194610864],
            [-0.430984701665398, 39.5557770127866],
            [-0.430899858656766, 39.5556093748649],
            [-0.430786372844638, 39.5553957802004],
            [-0.430705304212962, 39.55523689206],
            [-0.430545066885209, 39.5549817955954],
            [-0.430512993948843, 39.554949312151],
            [-0.430462882920023, 39.5549335282856],
            [-0.430404619402451, 39.5549336717137],
            [-0.43032098847185, 39.5549072635955],
            [-0.430314413037995, 39.5548366605579],
            [-0.430335807047079, 39.5547905315286],
            [-0.430324258461615, 39.5547452502133],
            [-0.430337169055744, 39.5546820871022],
            [-0.43030478230022, 39.5546281648024],
            [-0.43024802385238, 39.5545900722119],
            [-0.430187859161606, 39.5545723721485],
            [-0.430107698893994, 39.5545235277614],
            [-0.430050631032601, 39.554415970639],
            [-0.429900098347885, 39.5542196360005],
            [-0.429844410939262, 39.5541033888377],
            [-0.430415655864346, 39.5538510800774],
            [-0.429507492765988, 39.5538638942273],
            [-0.429189608605137, 39.5537355016506],
            [-0.428994914827113, 39.5536422126327],
            [-0.42818430735547, 39.5533225362255],
            [-0.427880026268869, 39.5532006032961],
            [-0.427534267690859, 39.5530658413638],
            [-0.426764302769181, 39.5526006448362],
            [-0.426210455870122, 39.5523452358791],
            [-0.425588092444802, 39.5520649910226],
            [-0.425374160872837, 39.5519767199089],
            [-0.424585411876518, 39.5515865141084],
            [-0.424101553730454, 39.5508713713628],
            [-0.423829624783323, 39.5504477032251],
            [-0.423542586876258, 39.549931800922],
            [-0.423284213820024, 39.5495388367925],
            [-0.42316947346845, 39.5494062228213],
            [-0.423031808362919, 39.5493569356855],
            [-0.422819628178156, 39.5492571856027],
            [-0.422617496432072, 39.5491550906101],
            [-0.422322862672674, 39.5489569000162],
            [-0.421899846060567, 39.5487067974872],
            [-0.421015999495721, 39.54837223022],
            [-0.420843138939006, 39.5483027992277],
            [-0.420508771896508, 39.5481973408686],
            [-0.420094818745296, 39.5480687811351],
            [-0.419744328735488, 39.5479594760906],
            [-0.419524053265237, 39.5478793324684],
            [-0.4194341579025, 39.5478474082109],
            [-0.41933181541121, 39.5478119281497],
            [-0.419154052830925, 39.5477483135185],
            [-0.419003819308654, 39.5476954541945],
            [-0.418839554492533, 39.547637832549],
            [-0.4187325923663, 39.5475989160658],
            [-0.418702557584745, 39.5475807445835],
            [-0.418452060394973, 39.5474909906324],
            [-0.417908992577554, 39.5472982578958],
            [-0.417076941468441, 39.5470317564014],
            [-0.416791766528921, 39.5466119216142],
            [-0.416187984631363, 39.5460447149173],
            [-0.416034580801461, 39.5458824239566],
            [-0.415916398409753, 39.5457474561701],
            [-0.415812783875918, 39.5455890022194],
            [-0.415677574045252, 39.5453927201291],
            [-0.415533075472854, 39.5451899611131],
            [-0.415391949454371, 39.5450280235788],
            [-0.415217453799073, 39.5447732647936],
            [-0.415056378221744, 39.5445616860938],
            [-0.414871400497611, 39.5442439475227],
            [-0.414632510814499, 39.5438066336269],
            [-0.414503937445738, 39.543552760765],
            [-0.414423936296698, 39.5433971734709],
            [-0.414307886270989, 39.5431623624171],
            [-0.414181260371397, 39.5428971544877],
            [-0.414060186227706, 39.5426704653497],
            [-0.413968727222102, 39.5425085777862],
            [-0.413817951965365, 39.5422639483528],
            [-0.413425214110353, 39.5418900515565],
            [-0.413045578918522, 39.5416449552211],
            [-0.411568864890384, 39.5406518774696],
            [-0.411265717263421, 39.540147108672],
            [-0.411103112351674, 39.5391651064301],
            [-0.411029601350452, 39.5387908296857],
            [-0.410923282836534, 39.5382590782193],
            [-0.410814197031474, 39.5378046141766],
            [-0.410775961965839, 39.5375199228777],
            [-0.410779754798603, 39.5373193282434],
            [-0.410794764530763, 39.5369954014256],
            [-0.410795157979823, 39.5366083397054],
            [-0.410814141091043, 39.5361919183563],
            [-0.410810851416903, 39.5360916946092],
            [-0.410776689736604, 39.5359791073791],
            [-0.410709201133508, 39.5358012745296],
            [-0.410618242389789, 39.5354457971631],
            [-0.410434275788814, 39.5348648110026],
            [-0.4086253741674, 39.5340746996934],
            [-0.408583929929393, 39.534066973533],
            [-0.408552236241912, 39.5340532758593],
            [-0.40762958057879, 39.5339919604217],
            [-0.407589529980853, 39.5339971205116],
            [-0.407519883323743, 39.5338650292379],
            [-0.407386408723613, 39.5336467679681],
            [-0.407336199584893, 39.5335841625609],
            [-0.407274435797449, 39.5334950477067],
            [-0.407216027250316, 39.5334020618716],
            [-0.40715094636139, 39.5333336200935],
            [-0.407090443836898, 39.5332453260662],
            [-0.407043526884036, 39.5331546146126],
            [-0.407026125073384, 39.5330335988543],
            [-0.407020604332321, 39.5329471987077],
            [-0.407003893833195, 39.532867305357],
            [-0.406999539926699, 39.5328080025845],
            [-0.407001737346686, 39.5326936583702],
            [-0.407055415750502, 39.5325442840965],
            [-0.407164521980931, 39.5323741655907],
            [-0.407250807834398, 39.5322829679007],
            [-0.407347869760023, 39.5321457326331],
            [-0.407397101321278, 39.5319979615863],
            [-0.407418422047494, 39.5318952330262],
            [-0.407361616862231, 39.5317204384183],
            [-0.407339105022487, 39.5316201188782],
            [-0.407365928379598, 39.5314870725185],
            [-0.407245790324483, 39.53145604058],
            [-0.407252748617643, 39.5314066206551],
            [-0.407205472193832, 39.5313946648587],
            [-0.407144587450123, 39.5313688741376],
            [-0.407023530931032, 39.5313159572005],
            [-0.406834909032792, 39.531239838793],
            [-0.406772614339678, 39.5312363040867],
            [-0.406530124698322, 39.5311381183611],
            [-0.406398450795134, 39.5310976120431],
            [-0.406281071889108, 39.5310456232727],
            [-0.406231729222154, 39.5310294949348],
            [-0.406140603268377, 39.5310157398231],
            [-0.406074396472728, 39.5309957394593],
            [-0.40604376601688, 39.5309804072431],
            [-0.40601317011146, 39.5309650847993],
            [-0.405849825446805, 39.530875034146],
            [-0.405780206095108, 39.5308510836407],
            [-0.405677840833974, 39.5307986367799],
            [-0.405530562717808, 39.5307295205092],
            [-0.405387064352511, 39.530662317255],
            [-0.405316217038428, 39.5306341769989],
            [-0.405243851521593, 39.5306046334566],
            [-0.405161895124802, 39.5305652272509],
            [-0.405076207223002, 39.5305257466424],
            [-0.404972799966509, 39.530476627151],
            [-0.404859881618639, 39.5304326823321],
            [-0.404799822807495, 39.5304072511787],
            [-0.404755788952434, 39.5303860427648],
            [-0.404659183195089, 39.5303386064375],
            [-0.404575445438426, 39.5303136190874],
            [-0.404471556878597, 39.5302949199992],
            [-0.404419594510389, 39.5302860564893],
            [-0.404362896746176, 39.5302703395854],
            [-0.404295468524245, 39.5302363203179],
            [-0.404171138298509, 39.5301780211276],
            [-0.404079376293258, 39.5301345483105],
            [-0.404021255530146, 39.5301236191296],
            [-0.403877304669635, 39.5301107717931],
            [-0.403726466437858, 39.5301151032051],
            [-0.403608981306752, 39.5301269274504],
            [-0.403492204480028, 39.5301406592477],
            [-0.403363063759223, 39.5301377816774],
            [-0.403273670301552, 39.530130963766],
            [-0.403181681662886, 39.5301269795846],
            [-0.403119413056209, 39.5301159121871],
            [-0.403074279802276, 39.5300908228148],
            [-0.402996128015703, 39.5300495812819],
            [-0.402872832596809, 39.5299832229892],
            [-0.402746935911901, 39.5299307880038],
            [-0.402684730827264, 39.5299064789182],
            [-0.402514029525953, 39.5298429340784],
            [-0.402389264901931, 39.5298022714448],
            [-0.402160264465636, 39.5297326117645],
            [-0.402024854203341, 39.5296910530335],
            [-0.401934728162491, 39.5296627228137],
            [-0.401896555842018, 39.5296512657739],
            [-0.40192828364263, 39.5296018866703],
            [-0.401958444720451, 39.5295611389444],
            [-0.401973274218217, 39.5295306516357],
            [-0.401980569798589, 39.529501914698],
            [-0.401908636026661, 39.5294873783374],
            [-0.401754953938384, 39.5294348073325],
            [-0.401571055562702, 39.529369263293],
            [-0.40137048504088, 39.529304706336],
            [-0.401339273091423, 39.5292791259343],
            [-0.401353810172839, 39.5291451485491],
            [-0.401332539454896, 39.5291206463621],
            [-0.401199284940457, 39.5290653154693],
            [-0.401065382811676, 39.5290008440637],
            [-0.401010539991845, 39.5289812932702],
            [-0.400917422311784, 39.5289402650596],
            [-0.400815955686139, 39.5288950861179],
            [-0.400684177568138, 39.5288270222631],
            [-0.400637124281388, 39.5287729979051],
            [-0.400597907923069, 39.5287240676729],
            [-0.400543462388075, 39.5286670671329],
            [-0.400457226048255, 39.5285719598141],
            [-0.400374555238933, 39.5284851211845],
            [-0.400303698943125, 39.5284027810097],
            [-0.400318261769016, 39.5283354961745],
            [-0.40037015082461, 39.5282658395212],
            [-0.400417707036259, 39.5281617174673],
            [-0.400488946773938, 39.5280641792512],
            [-0.400587289518719, 39.5279193028394],
            [-0.40062373299549, 39.527886335457],
            [-0.400600412584652, 39.5278656520322],
            [-0.400560508200307, 39.5278407868061],
            [-0.400448043925798, 39.5277979559877],
            [-0.400365993200694, 39.5277699674369],
            [-0.400271743059313, 39.527729724168],
            [-0.400143959085488, 39.5276821989859],
            [-0.400031025504959, 39.5276422941199],
            [-0.399868110625465, 39.5275928832944],
            [-0.399746355327966, 39.5275727260936],
            [-0.399636246061574, 39.5275419378675],
            [-0.399565293865654, 39.5275105216167],
            [-0.399500608442551, 39.5274698494737],
            [-0.399463639162463, 39.5274417884089],
            [-0.399400290593739, 39.5274033262572],
            [-0.399360508887413, 39.5273751931909],
            [-0.399421259343189, 39.5272797540736],
            [-0.399476229354403, 39.5272176260348],
            [-0.399448810717808, 39.5271886346522],
            [-0.399375273670185, 39.5271432689174],
            [-0.399054491372266, 39.5269186878587],
            [-0.398899839247873, 39.5269262699225],
            [-0.398814643691191, 39.5269018584201],
            [-0.398678702012111, 39.5268491851554],
            [-0.398593266502427, 39.5268181196551],
            [-0.398504174722613, 39.5267475859229],
            [-0.398433542239569, 39.526685213048],
            [-0.398405052357837, 39.5266752689739],
            [-0.398327726644343, 39.5266662851901],
            [-0.398038434031432, 39.5265209809778],
            [-0.397851660416543, 39.5264336736434],
            [-0.397814985782969, 39.5264183120014],
            [-0.397782509325437, 39.5264076568724],
            [-0.397708383548092, 39.5263743666608],
            [-0.397302433349514, 39.5261974661654],
            [-0.396916485245761, 39.5260273276079],
            [-0.39689437696001, 39.526018147768],
            [-0.396702191134569, 39.5261498553338],
            [-0.396452784308312, 39.5263064235721],
            [-0.396197261618133, 39.5266069942631],
            [-0.395776500771353, 39.5271117642464],
            [-0.395866201099248, 39.5271756021665],
            [-0.395982434585653, 39.5272824389929],
            [-0.396173235641041, 39.527451224685],
            [-0.396196480445935, 39.5274906995524],
            [-0.396210459351612, 39.5275150842677],
            [-0.396238795374232, 39.5275363043918],
            [-0.39632322560552, 39.5276064020399],
            [-0.396398813482007, 39.5276696890238],
            [-0.396540318688217, 39.5277960551269],
            [-0.396606177959059, 39.527851970997],
            [-0.396646152025224, 39.5278836497487],
            [-0.396680233752753, 39.5279123766995],
            [-0.396734094471105, 39.5279584653214],
            [-0.396797011827085, 39.5280090630542],
            [-0.39685797997463, 39.528068553759],
            [-0.396910944525597, 39.5281190184906],
            [-0.396965005317729, 39.5281725256954],
            [-0.397058706902077, 39.5282569923282],
            [-0.397107862625274, 39.528297317858],
            [-0.397133993306923, 39.5283209117084],
            [-0.397192662057762, 39.528370035696],
            [-0.397181209498031, 39.5283807697734],
            [-0.397132732718931, 39.5284309344061],
            [-0.397081404397346, 39.5284833143389],
            [-0.397060129169131, 39.528509728761],
            [-0.397062069786942, 39.5285200602412],
            [-0.397110037585858, 39.5285479721161],
            [-0.397160625407531, 39.5285957439172],
            [-0.397152395652143, 39.5286659359075],
            [-0.397150610488959, 39.5287031290891],
            [-0.397134080062636, 39.5288472771345],
            [-0.397118265831317, 39.528948280283],
            [-0.397112648856827, 39.5290761958402],
            [-0.397103645965658, 39.529162406079],
            [-0.397084878147116, 39.529275513863],
            [-0.397074500926793, 39.5293234691631],
            [-0.397075085840453, 39.5293367701799],
            [-0.397088727922007, 39.5293449675228],
            [-0.397361490875257, 39.5294674449934],
            [-0.397350851976456, 39.5294928275292],
            [-0.397227411559037, 39.5296453637369],
            [-0.397128651280808, 39.5297510307276],
            [-0.397127938420251, 39.5297697980041],
            [-0.397137715696814, 39.5297839806443],
            [-0.397228138857138, 39.5298239245036],
            [-0.397284436110598, 39.5298577795306],
            [-0.397354611286475, 39.5298994407419],
            [-0.397383078395812, 39.5299193662698],
            [-0.397511030846476, 39.5299702225074],
            [-0.397565219681834, 39.5299913908845],
            [-0.397631447872965, 39.5300175765574],
            [-0.397697731926207, 39.5300444481096],
            [-0.397761135746405, 39.5300718136468],
            [-0.39780429002669, 39.5300894104976],
            [-0.397887972082333, 39.5301120772036],
            [-0.397960295068443, 39.5301775422466],
            [-0.398081416079716, 39.530284243253],
            [-0.398192789503742, 39.5303722308449],
            [-0.398248588759861, 39.5304150830104],
            [-0.398338893168019, 39.530488148542],
            [-0.39840755335096, 39.5305464233721],
            [-0.398461780118046, 39.5305771865081],
            [-0.398514023750087, 39.5306171301711],
            [-0.398564034051422, 39.5306480330613],
            [-0.398647365283786, 39.5307131406175],
            [-0.398698042230264, 39.530741148552],
            [-0.39874240662589, 39.5307671683155],
            [-0.398784805719557, 39.5307981529216],
            [-0.398832771030747, 39.5308314873129],
            [-0.398865349487216, 39.5308522432616],
            [-0.398883408814782, 39.530860548315],
            [-0.39892665079906, 39.5308873446556],
            [-0.398949080163866, 39.5309247377181],
            [-0.398969930962843, 39.5309554920147],
            [-0.399039953334943, 39.5310013018362],
            [-0.399129797828688, 39.5310680323201],
            [-0.399219043333867, 39.5311265063153],
            [-0.39924842692662, 39.5311536949497],
            [-0.39928579126543, 39.5311930348843],
            [-0.399309038857053, 39.5312222302137],
            [-0.399331042359653, 39.5312408124007],
            [-0.399374275937452, 39.531280932336],
            [-0.399423315130349, 39.5313176147589],
            [-0.399470749840604, 39.5313430543529],
            [-0.399626210131326, 39.5314512071711],
            [-0.399710670434601, 39.5315073124796],
            [-0.399796394850427, 39.5315666441307],
            [-0.399851982967623, 39.5316145807582],
            [-0.399878968013365, 39.5316296798531],
            [-0.399978455393825, 39.5317036613642],
            [-0.400050707565964, 39.5317552230347],
            [-0.40014142849246, 39.5318281343521],
            [-0.400248842698145, 39.5318976535351],
            [-0.400271171034871, 39.5319477554388],
            [-0.400280461269577, 39.5319856109346],
            [-0.400309728381811, 39.5320097066956],
            [-0.400369563240826, 39.53206575591],
            [-0.400404186597695, 39.5320763232514],
            [-0.400431415191569, 39.5320761758493],
            [-0.400535592893427, 39.5321251994977],
            [-0.400573790058345, 39.5321441258068],
            [-0.400596105220976, 39.5321749486205],
            [-0.400396199043702, 39.5323698388911],
            [-0.400087836164258, 39.5326857844225],
            [-0.399877159867709, 39.5329085670374],
            [-0.399736618261148, 39.5330557592357],
            [-0.399660307417869, 39.5331097701653],
            [-0.399590961274571, 39.5331779095271],
            [-0.399366150880006, 39.5333999513515],
            [-0.399209359611141, 39.533554481567],
            [-0.399137871146765, 39.5336223294434],
            [-0.399086551180126, 39.533691241446],
            [-0.398981738116698, 39.5337754056472],
            [-0.399024785310785, 39.5338080893212],
            [-0.399081780045678, 39.5338682376418],
            [-0.399175135619398, 39.5339675322709],
            [-0.399257156567004, 39.5340404296658],
            [-0.399281762251327, 39.5340843757031],
            [-0.399417153292678, 39.534205151196],
            [-0.399549912923514, 39.534287355219],
            [-0.399595445430465, 39.5343214186081],
            [-0.399756549063432, 39.5344116530834],
            [-0.400004605251974, 39.5345502466569],
            [-0.400125460509466, 39.534638165393],
            [-0.400363133388219, 39.5348205876187],
            [-0.400537598250824, 39.5349908564936],
            [-0.400680540904879, 39.5351157633769],
            [-0.400901531806446, 39.5352876223344],
            [-0.40118168894827, 39.5355058213101],
            [-0.401263726041189, 39.5356117527628],
            [-0.401280568977897, 39.5356255706227],
            [-0.401428560591229, 39.5356782132472],
            [-0.401616063941714, 39.5358265656317],
            [-0.401811049599104, 39.5359886252285],
            [-0.401860645451996, 39.5360348323376],
            [-0.402095148448829, 39.5362600618334],
            [-0.402208612588408, 39.5363669297075],
            [-0.402288699380063, 39.5364700061034],
            [-0.402430680548125, 39.5366177355609],
            [-0.402508078133056, 39.5366993468796],
            [-0.402600038785394, 39.5367807432582],
            [-0.402729781426514, 39.5369022715119],
            [-0.40275937388254, 39.5369145995054],
            [-0.402765437969498, 39.5369404280511],
            [-0.40280275614018, 39.5369755227206],
            [-0.402815636625937, 39.5370154311983],
            [-0.402862664759489, 39.5370852915103],
            [-0.402864185336568, 39.5370988025995],
            [-0.402903622259446, 39.5371316834119],
            [-0.402968859657863, 39.5371821765892],
            [-0.403004107904874, 39.5372144412133],
            [-0.403066864335169, 39.5372768695178],
            [-0.403093910745042, 39.537287591002],
            [-0.403223481231123, 39.5374371861347],
            [-0.403265237603256, 39.5375223874535],
            [-0.403226148073078, 39.5375572513289],
            [-0.403140813784019, 39.5376038827977],
            [-0.403029929392845, 39.5376605012441],
            [-0.402911428621102, 39.5377350929209],
            [-0.402739924394358, 39.537846056847],
            [-0.402690229270406, 39.5378876291481],
            [-0.402645955148248, 39.537927349725],
            [-0.402588801942265, 39.5379293059012],
            [-0.40254638275191, 39.5379289609619],
            [-0.402431188371522, 39.5378515583731],
            [-0.40226626126165, 39.5379527320121],
            [-0.402145216170025, 39.5380234462798],
            [-0.401991822211114, 39.5381170308289],
            [-0.401616776697813, 39.538368607494],
            [-0.401519494334053, 39.5384238891356],
            [-0.401497650229519, 39.5384461745982],
            [-0.40144330083859, 39.5385126685338],
            [-0.401397936675386, 39.5385687871811],
            [-0.401356682884372, 39.5386279346155],
            [-0.401356261725945, 39.5386719599509],
            [-0.401350644253105, 39.5387947496283],
            [-0.401337264391198, 39.5388758082969],
            [-0.40132737395617, 39.5389699896925],
            [-0.401326652164771, 39.5390491964651],
            [-0.401304101634677, 39.5392687486263],
            [-0.401302146707261, 39.5394209076623],
            [-0.401282729911364, 39.5394735437946],
            [-0.401252200084768, 39.5395860826969],
            [-0.401277633691364, 39.5397716102681],
            [-0.401258324592294, 39.5398213569946],
            [-0.401086522550573, 39.5403762356343],
            [-0.401048943379189, 39.5404637706221],
            [-0.401739303386749, 39.5405758066151],
            [-0.401830873501403, 39.5406001064484],
            [-0.402210777437533, 39.5406861326017],
            [-0.402544389385423, 39.5407461681477],
            [-0.403063780129008, 39.5407725646351],
            [-0.403150087350725, 39.5408050968799],
            [-0.403156705482065, 39.5407945514529],
            [-0.403447845863684, 39.5409089936587],
            [-0.40360236486203, 39.5406489867848],
            [-0.403696342386406, 39.5407017345374],
            [-0.403986984729308, 39.5408557667217],
            [-0.404227535719332, 39.5409870848416],
            [-0.404272467612137, 39.5410096558656],
            [-0.404419941458458, 39.5410952822533],
            [-0.404776246807008, 39.5412608244803],
            [-0.40539257206717, 39.5415908630844],
            [-0.405845201690753, 39.5429269252953],
            [-0.405895046374003, 39.5431287443785],
            [-0.405944949889703, 39.5432746474535],
            [-0.406163668358232, 39.5439030181928],
            [-0.406290097997395, 39.5442657948902],
            [-0.406478745275633, 39.5448160183089],
            [-0.406639563812546, 39.5452699742282],
            [-0.406821811871909, 39.5458000097362],
            [-0.406951298133952, 39.5461605567001],
            [-0.407523150006519, 39.5464257555027],
            [-0.408157736254507, 39.5467188010649],
            [-0.408814239418987, 39.5470234038787],
            [-0.40938588661759, 39.5472894809117],
            [-0.409660438157782, 39.5474341945891],
            [-0.409854086417806, 39.5475275194125],
            [-0.410115692026857, 39.5476471152302],
            [-0.410475318246532, 39.5478187952405],
            [-0.41120515783522, 39.5481460820877],
            [-0.411665696361709, 39.5483454392222],
            [-0.412314239769335, 39.5486439894101],
            [-0.412644110192454, 39.5487990723967],
            [-0.412917997198999, 39.5489081520707],
            [-0.413092454645795, 39.5489876661189],
            [-0.413218619265597, 39.5490521768798],
            [-0.413459187564553, 39.5491757921003],
            [-0.413620355060482, 39.5493136203494],
            [-0.41388264044972, 39.5495032929788],
            [-0.4142614503235, 39.5497821422231],
            [-0.41462486448449, 39.5500306844579],
            [-0.414887500231115, 39.5502113809256],
            [-0.415158765871786, 39.550411043097],
            [-0.415455363382851, 39.5506126736855],
            [-0.415878620359171, 39.5508807323035],
            [-0.416177618705985, 39.5510958555459],
            [-0.416545279753317, 39.5513651614198],
            [-0.416793864896446, 39.5515343342347],
            [-0.417131556218082, 39.5517693781086]
          ]
        ]
      },
      "properties": {
        "objectid": 633,
        "codbarrio": "6",
        "nombre": "MASSARROJOS",
        "coddistbar": "176",
        "coddistrit": "17",
        "gis.gis.BARRIOS.area": null
      }
    },
    {
      "type": "Feature",
      "id": 233,
      "geometry": {
        "type": "Polygon",
        "coordinates": [
          [
            [-0.393007123216077, 39.4383486388293],
            [-0.398028878409306, 39.4404385693215],
            [-0.401073123193466, 39.442812891603],
            [-0.403319344410655, 39.4448990800727],
            [-0.405853497283726, 39.4476448134011],
            [-0.409208497385736, 39.4523096541943],
            [-0.414352563509056, 39.4595933810394],
            [-0.414387533014037, 39.4595459886291],
            [-0.414402112466842, 39.4594805392712],
            [-0.414431265158876, 39.4594150988097],
            [-0.414472206371174, 39.4593096780003],
            [-0.41452758022931, 39.4591336604678],
            [-0.414562561916147, 39.4590253413225],
            [-0.41459171995046, 39.4589779546954],
            [-0.414626687276825, 39.4589328053627],
            [-0.414719970054789, 39.4586845781193],
            [-0.414743270832513, 39.4586010797533],
            [-0.414755184552629, 39.4585316521839],
            [-0.414769753177529, 39.4584887697304],
            [-0.414784325194721, 39.4584662023405],
            [-0.414860092704829, 39.4584233208067],
            [-0.414906725172373, 39.4583917369423],
            [-0.414941695668733, 39.4583781996845],
            [-0.414994149212737, 39.4583601504496],
            [-0.414994159313699, 39.4582653684012],
            [-0.414999990234434, 39.458220237551],
            [-0.41503786875826, 39.4581435136968],
            [-0.415072856751414, 39.4580758064766],
            [-0.415075766915965, 39.4580464752727],
            [-0.415078687448134, 39.4579584605464],
            [-0.415090351184493, 39.45785464053],
            [-0.415116595564029, 39.4577305235001],
            [-0.415153394500186, 39.4576163887922],
            [-0.415135950360214, 39.4575347588688],
            [-0.415136412968371, 39.4574666801436],
            [-0.41513284174705, 39.4574281508749],
            [-0.415133106085707, 39.4573896078132],
            [-0.415138371377008, 39.4572256734503],
            [-0.415138635035718, 39.4571893465537],
            [-0.415139831846434, 39.4571667428973],
            [-0.415164206004339, 39.4571079075426],
            [-0.415183177348996, 39.4570773029286],
            [-0.415230978420619, 39.456888504135],
            [-0.415236463577063, 39.4567999518389],
            [-0.415275658847447, 39.456691699101],
            [-0.415316567788227, 39.4565374491413],
            [-0.415345480139059, 39.4564046437488],
            [-0.415369545591599, 39.4563035769089],
            [-0.415404792292807, 39.4562429742999],
            [-0.415435206063422, 39.4561493548086],
            [-0.415453166931292, 39.4560637645632],
            [-0.415483306393149, 39.4559822648931],
            [-0.41551779257017, 39.4559161409133],
            [-0.415530771174717, 39.4558354848278],
            [-0.415541040893016, 39.455757372066],
            [-0.415570403058326, 39.4556968727754],
            [-0.415610106324585, 39.4556232252512],
            [-0.415624564079939, 39.4555654034899],
            [-0.41566351275076, 39.4554458750093],
            [-0.415670627044914, 39.4553459356458],
            [-0.415651373464489, 39.4552563557522],
            [-0.415614413777998, 39.4551873908283],
            [-0.415609283828096, 39.4551115211692],
            [-0.415570944859011, 39.4549482387249],
            [-0.415562935213061, 39.4548983766991],
            [-0.415629433622374, 39.4548998553661],
            [-0.41572789725172, 39.4549039546265],
            [-0.415907864038071, 39.4549041362858],
            [-0.416033841318183, 39.4548973697049],
            [-0.416064039601765, 39.454880843145],
            [-0.416067760969933, 39.4548465300087],
            [-0.416048066993474, 39.4547792103097],
            [-0.41601593711134, 39.4546720381551],
            [-0.415988021640908, 39.4545860224303],
            [-0.416013393196591, 39.4545328485875],
            [-0.416011342201222, 39.4544902811152],
            [-0.416004533242404, 39.454459472545],
            [-0.415983738684153, 39.4544231639273],
            [-0.415934095830897, 39.4543756915594],
            [-0.415912555648352, 39.4542910607819],
            [-0.415884538233676, 39.4541814215024],
            [-0.415848629676116, 39.454084993949],
            [-0.415809924393928, 39.4539991436791],
            [-0.415780241432948, 39.453934845029],
            [-0.415797780235861, 39.4538794790837],
            [-0.415862864195789, 39.4538541427809],
            [-0.415980216995978, 39.4538165903525],
            [-0.416051095314009, 39.4537684371681],
            [-0.416215086964225, 39.4537376600182],
            [-0.416343831820861, 39.4536789463781],
            [-0.416409197736562, 39.4536459765073],
            [-0.41647139522008, 39.4536320620076],
            [-0.416556700494158, 39.4535937966182],
            [-0.416641864526127, 39.4535593477879],
            [-0.416757152837788, 39.4535018660908],
            [-0.416914174535113, 39.4534232310396],
            [-0.416960590173035, 39.4533687949585],
            [-0.417085148458082, 39.4532416190871],
            [-0.417356933912236, 39.453136290958],
            [-0.417405445019663, 39.4531411436169],
            [-0.417444763244351, 39.4531504225526],
            [-0.417584275275724, 39.4531112798008],
            [-0.417856410397928, 39.4530370118507],
            [-0.417957331526015, 39.4530229748694],
            [-0.418074910247331, 39.4529905603696],
            [-0.418323231240749, 39.452936798019],
            [-0.418581280543915, 39.4528675667446],
            [-0.418721071568614, 39.452806690387],
            [-0.418830075689742, 39.4527600668671],
            [-0.418988281369258, 39.4527036891626],
            [-0.419121879077596, 39.452656935835],
            [-0.419237232917226, 39.4526365876801],
            [-0.419428147695477, 39.4526066920339],
            [-0.41952003132336, 39.4525915971812],
            [-0.419633035258922, 39.4525785477029],
            [-0.419617690315681, 39.4524701725526],
            [-0.419564100794011, 39.4523489394804],
            [-0.419551835414998, 39.4522616413969],
            [-0.419556951782299, 39.4521813327238],
            [-0.419656496873795, 39.4521529125509],
            [-0.419732098618503, 39.4520975737416],
            [-0.419819754051909, 39.4520305026376],
            [-0.419968409956778, 39.4519887852271],
            [-0.420083130447285, 39.4519223056977],
            [-0.420201827856774, 39.4518529143664],
            [-0.420304406420772, 39.451801173905],
            [-0.420392727184009, 39.4517689274387],
            [-0.420567865137416, 39.4517498687563],
            [-0.420763855021323, 39.4517388580165],
            [-0.420958427117215, 39.4517413828609],
            [-0.421084323680261, 39.4517319152805],
            [-0.421383089756246, 39.4517264270815],
            [-0.421593565652898, 39.4517212047125],
            [-0.421772554467908, 39.4517139772175],
            [-0.421831781006007, 39.4516976786251],
            [-0.421867328898913, 39.4516743503604],
            [-0.421881612561486, 39.4516440640182],
            [-0.421888777166948, 39.4516117729425],
            [-0.421916830776469, 39.4515600806229],
            [-0.421970325644958, 39.4515444836397],
            [-0.422062858582372, 39.4515303200586],
            [-0.422141891787343, 39.4515204785477],
            [-0.422195042790911, 39.451514198028],
            [-0.422332326586988, 39.4515097743674],
            [-0.42246005336918, 39.4515032827736],
            [-0.422518661791593, 39.4514813665929],
            [-0.422558912655658, 39.4514842591603],
            [-0.422767294805898, 39.4514986005648],
            [-0.422990059917188, 39.4515240531386],
            [-0.423103022305741, 39.4515265576767],
            [-0.42323412427934, 39.451559301685],
            [-0.423352851990102, 39.4515749966801],
            [-0.423456200994646, 39.4515772787488],
            [-0.423581398574672, 39.4515744595322],
            [-0.423697383017394, 39.4515602469279],
            [-0.42383887821663, 39.451533320548],
            [-0.424035699828047, 39.4514798728319],
            [-0.424191238268622, 39.4514367079324],
            [-0.424309500384121, 39.4514262658591],
            [-0.424462388132192, 39.4514165368937],
            [-0.424591419026289, 39.4514399092818],
            [-0.424715093576957, 39.4514780815638],
            [-0.424836513796674, 39.451512474089],
            [-0.424946943148679, 39.4515597399254],
            [-0.425082567080784, 39.4516000323891],
            [-0.425197189391593, 39.4516230849014],
            [-0.425324023515047, 39.4516408132965],
            [-0.425433632708462, 39.4516693580551],
            [-0.425512603692527, 39.4516804315049],
            [-0.425682361382604, 39.4517051642412],
            [-0.425798303758516, 39.4517274075745],
            [-0.425829357224393, 39.4517569508045],
            [-0.425871384529635, 39.4518103493626],
            [-0.425892120643505, 39.4518559341283],
            [-0.42589965808719, 39.4519610636173],
            [-0.425892995525614, 39.452050104055],
            [-0.42588492730227, 39.4521312486005],
            [-0.425948264912532, 39.452157578919],
            [-0.426049602652236, 39.4521624357314],
            [-0.426154378590624, 39.4521660713137],
            [-0.426438082482239, 39.4521698310309],
            [-0.426587724119622, 39.4521495230392],
            [-0.426676505747536, 39.4521737857212],
            [-0.426942745678409, 39.4521888600945],
            [-0.427259107294353, 39.4521906200919],
            [-0.427578050364248, 39.4521617250539],
            [-0.427836380726325, 39.4521350372802],
            [-0.428020375532942, 39.4521102174735],
            [-0.428197526224356, 39.4520992727768],
            [-0.428336176705926, 39.4520883678421],
            [-0.428545885982835, 39.4520550622166],
            [-0.428724453336075, 39.4520217249231],
            [-0.428884216995463, 39.452008953104],
            [-0.429008111590265, 39.4519907210347],
            [-0.429136593921576, 39.451974761452],
            [-0.429316614168955, 39.4519834007836],
            [-0.429445763304984, 39.4519862661744],
            [-0.429523396649326, 39.4519939289857],
            [-0.429666447489595, 39.4519515345935],
            [-0.430117197075644, 39.4518036209343],
            [-0.430419569725742, 39.4517275684798],
            [-0.430701966132143, 39.4516499385258],
            [-0.430799692999344, 39.4516022525675],
            [-0.431171175874176, 39.4515108881444],
            [-0.431295765215219, 39.4514740385729],
            [-0.431501425723909, 39.4514306652403],
            [-0.431692195652937, 39.4513855210816],
            [-0.431886703412873, 39.4513404772125],
            [-0.431987075257008, 39.4513093169447],
            [-0.431916777919283, 39.4512351880707],
            [-0.431797679980043, 39.4511188912871],
            [-0.431737387753496, 39.4510425599854],
            [-0.431594009259014, 39.4508746009866],
            [-0.431536392036049, 39.4507918963411],
            [-0.431503353062352, 39.4507246445366],
            [-0.431438798472105, 39.4506229849691],
            [-0.43131224573392, 39.4504613973856],
            [-0.431210560694641, 39.4503345750612],
            [-0.431079535002745, 39.4501704649788],
            [-0.430923025913642, 39.4499662514342],
            [-0.430817099395, 39.4498265153593],
            [-0.430731883116945, 39.4497660107911],
            [-0.430551674852896, 39.4496539474126],
            [-0.430349441907519, 39.4494311369387],
            [-0.430260604282628, 39.4492656613753],
            [-0.430153175690682, 39.4490821623078],
            [-0.430020741460024, 39.4488569666104],
            [-0.429907045506325, 39.448775958104],
            [-0.429849410485231, 39.4486900450752],
            [-0.429795629409599, 39.44861655943],
            [-0.429767916466179, 39.4486200186362],
            [-0.429701231803437, 39.44852204971],
            [-0.429602749184729, 39.4483942427797],
            [-0.429524143913862, 39.4482883525718],
            [-0.429460299402006, 39.44817826629],
            [-0.429387079180689, 39.4480731977788],
            [-0.429304913535086, 39.4479387155208],
            [-0.429237689365309, 39.4478279687921],
            [-0.429180262251137, 39.4477304475657],
            [-0.429146852538404, 39.447684420874],
            [-0.429042409839122, 39.4475594906216],
            [-0.428970095871982, 39.4474683516361],
            [-0.428770444384645, 39.4472483162521],
            [-0.428599560183116, 39.4470624931143],
            [-0.428531338925068, 39.4469406880252],
            [-0.428466384863252, 39.4468447206287],
            [-0.428414595962906, 39.4467651703973],
            [-0.428366831082187, 39.4467114115605],
            [-0.428348278119961, 39.4466750105289],
            [-0.428348203153111, 39.4466306400466],
            [-0.428361449430089, 39.4465892849834],
            [-0.428409404371999, 39.4464995993385],
            [-0.428443373056809, 39.4464322255822],
            [-0.428513400700047, 39.4463814872169],
            [-0.428537354438767, 39.4463500716014],
            [-0.428540750997175, 39.4463316604842],
            [-0.428533104125231, 39.4463007529468],
            [-0.428528013462748, 39.4462698479075],
            [-0.428543973672828, 39.4462219943826],
            [-0.428574361250281, 39.4461622529743],
            [-0.428653761777552, 39.446010894273],
            [-0.428686141466085, 39.4458922786986],
            [-0.428797888352934, 39.4456942306167],
            [-0.428860157421914, 39.4455786455042],
            [-0.428875920452025, 39.4455108778935],
            [-0.428850176481077, 39.4454400209855],
            [-0.428699470597271, 39.4452938961249],
            [-0.428595560016147, 39.4451931391179],
            [-0.428433174890891, 39.4450515122407],
            [-0.42829560832768, 39.4449332718216],
            [-0.427990437465207, 39.4446820449265],
            [-0.427734018807196, 39.444483958573],
            [-0.427528917413052, 39.4443286465501],
            [-0.427319116118907, 39.4442082297217],
            [-0.427254359354167, 39.4441934812539],
            [-0.426921667739332, 39.4440464339669],
            [-0.426889149205126, 39.4440151018614],
            [-0.426778051895244, 39.44391936428],
            [-0.42667684510284, 39.443786017192],
            [-0.426608952725832, 39.4436863711523],
            [-0.426557924635577, 39.4435862786401],
            [-0.426520344462691, 39.4434813307569],
            [-0.426450308009703, 39.4433427457353],
            [-0.426351977552557, 39.4431253459562],
            [-0.426195171327093, 39.4429066332605],
            [-0.426071446373448, 39.4427323640977],
            [-0.425952063775148, 39.442545578507],
            [-0.425850226224421, 39.4424108383809],
            [-0.425683573916706, 39.4422131589508],
            [-0.425611147840945, 39.4420827456318],
            [-0.42552282223119, 39.4419531062281],
            [-0.425459600000914, 39.4418371667662],
            [-0.425421892406142, 39.4417521433947],
            [-0.425374115724425, 39.441675203188],
            [-0.425273195531833, 39.4415884732959],
            [-0.42516230382459, 39.4414759641821],
            [-0.425019999814525, 39.441299327428],
            [-0.424932301145959, 39.4411795301818],
            [-0.424878148965407, 39.4410662687904],
            [-0.424829438298367, 39.4409800194957],
            [-0.424787194387922, 39.4408844450966],
            [-0.424745442530376, 39.4407666926615],
            [-0.424694041712268, 39.4405053227511],
            [-0.424662067049713, 39.4403792194383],
            [-0.424616318679168, 39.4402126042177],
            [-0.424560515195218, 39.4400281627972],
            [-0.424527856773344, 39.4399537283608],
            [-0.424447215705113, 39.4397922407807],
            [-0.424379679901602, 39.439668916956],
            [-0.424342883854216, 39.4395778234158],
            [-0.42429411707326, 39.4394931402022],
            [-0.424231642016336, 39.4393229920551],
            [-0.42417607482894, 39.4391908163208],
            [-0.424132830420159, 39.4390275536485],
            [-0.424069040803825, 39.4388767003754],
            [-0.42399918137493, 39.4387852523858],
            [-0.423902564476965, 39.4386742836521],
            [-0.423791059077829, 39.4385455075955],
            [-0.42375142338881, 39.4384618283216],
            [-0.423656727570952, 39.4383816583564],
            [-0.42358547480956, 39.4383280346466],
            [-0.423526225468054, 39.4382794066276],
            [-0.423456727699234, 39.4381784979781],
            [-0.42327362647337, 39.4379307754597],
            [-0.423185067276136, 39.4378190658507],
            [-0.423089074907701, 39.4376915429266],
            [-0.422936579829781, 39.4374381020692],
            [-0.422912435304839, 39.4374012969358],
            [-0.422830718416514, 39.4372890090373],
            [-0.422780776344034, 39.4372227403629],
            [-0.422720520158662, 39.4371286757416],
            [-0.42257651774111, 39.4369055484876],
            [-0.422460263118872, 39.4367629813484],
            [-0.422395418882233, 39.4366651301833],
            [-0.422351388149247, 39.4365740557683],
            [-0.422242623220451, 39.4364227987491],
            [-0.422173128716403, 39.4363218984258],
            [-0.422072326976847, 39.4362218712975],
            [-0.421880735116612, 39.4360282189401],
            [-0.421686852893578, 39.4358251912564],
            [-0.421577008298655, 39.4357423232831],
            [-0.421421102015056, 39.4356678927748],
            [-0.421319403727709, 39.4356186733433],
            [-0.421268673468749, 39.4355817105227],
            [-0.421208975886525, 39.4355280174061],
            [-0.4211132243222, 39.4355059294034],
            [-0.421017265940066, 39.4354888186566],
            [-0.420966347129982, 39.4354727161394],
            [-0.420877276148514, 39.4354185062787],
            [-0.420778629542003, 39.4353580749442],
            [-0.420671907217515, 39.4352841491749],
            [-0.420596829043978, 39.435209664254],
            [-0.420535759118304, 39.4351462737933],
            [-0.420182333110309, 39.4352484021721],
            [-0.419843785726938, 39.4353424183781],
            [-0.419442699519778, 39.4354619187841],
            [-0.419049506903088, 39.435519260479],
            [-0.41877056926304, 39.4355638319044],
            [-0.418459923132902, 39.4356022030314],
            [-0.418170107627952, 39.4356286127251],
            [-0.417663682746514, 39.4356800833266],
            [-0.417349968176726, 39.4357112302388],
            [-0.416997161114475, 39.4357423364431],
            [-0.416746638639755, 39.4357683544547],
            [-0.416377246771765, 39.4358062162329],
            [-0.416113829512438, 39.4358372254783],
            [-0.415637745455313, 39.4359013164431],
            [-0.414974222044828, 39.4359615615186],
            [-0.414614714824858, 39.435994403318],
            [-0.414386392395226, 39.4360188469431],
            [-0.414137777290733, 39.4360428747265],
            [-0.413763234818647, 39.4360854783726],
            [-0.413486119457092, 39.4361211587731],
            [-0.413206891967801, 39.4361335395595],
            [-0.413006147905494, 39.4361429547479],
            [-0.412739404203368, 39.43614166648],
            [-0.412442550603037, 39.4361443649378],
            [-0.412055998000782, 39.4361404170421],
            [-0.411646571213025, 39.4361383188428],
            [-0.411445858518674, 39.4361428041662],
            [-0.411096477194419, 39.4361252125651],
            [-0.410764849722559, 39.4361063217103],
            [-0.410586507268339, 39.4361125290496],
            [-0.410333262515357, 39.4361304005685],
            [-0.409885858230975, 39.4361596298042],
            [-0.409551468487431, 39.4361861237594],
            [-0.409222850127911, 39.4362023401203],
            [-0.408875876717216, 39.436205047476],
            [-0.408585110575107, 39.4362064933982],
            [-0.408214947458686, 39.4361982495028],
            [-0.407814135315502, 39.4361997532336],
            [-0.407272122361412, 39.4362140428891],
            [-0.406900644137509, 39.4362165130644],
            [-0.406499722973224, 39.4362206404145],
            [-0.406320879308125, 39.4362296948315],
            [-0.406147629428108, 39.4362702156916],
            [-0.405955586348139, 39.4363052899405],
            [-0.405485493780621, 39.4363394191995],
            [-0.40516782558962, 39.4363688863002],
            [-0.404880357698863, 39.4364016393489],
            [-0.404683724230867, 39.4364364108026],
            [-0.404348083455136, 39.4364258082796],
            [-0.404054166102217, 39.4364654692071],
            [-0.403648257355849, 39.4365322041094],
            [-0.403265312280483, 39.4365887300219],
            [-0.403011805590267, 39.4366413899659],
            [-0.402801322619668, 39.4366952178694],
            [-0.402674642728459, 39.4367380082561],
            [-0.402512254014757, 39.4366796957413],
            [-0.402339559849821, 39.4366448460408],
            [-0.40226520883731, 39.4366213109032],
            [-0.402300367305383, 39.4364880715972],
            [-0.402353979638726, 39.4363106237159],
            [-0.402384745483687, 39.4361795924835],
            [-0.402408011308989, 39.4360787445389],
            [-0.402426406508656, 39.436007354875],
            [-0.402447501246657, 39.4359458542159],
            [-0.402513918743439, 39.4358033315178],
            [-0.402560432917168, 39.4356955617064],
            [-0.402603398705128, 39.4356144959737],
            [-0.402619601127904, 39.4355583363276],
            [-0.402622648829546, 39.4354738200869],
            [-0.402616111973595, 39.4353067665628],
            [-0.402599125480902, 39.4350967143978],
            [-0.402599020805784, 39.4350488839307],
            [-0.402587880007731, 39.4349932213848],
            [-0.402583548371173, 39.4348399826897],
            [-0.402591271059405, 39.4346943736005],
            [-0.402585245633086, 39.4345632678994],
            [-0.40258198529192, 39.4345015653143],
            [-0.40257362507567, 39.4344282894783],
            [-0.40254648479272, 39.4343026578123],
            [-0.402543836169137, 39.4342648244024],
            [-0.402537498764805, 39.434216836639],
            [-0.402519903607462, 39.4341122738078],
            [-0.402494171382775, 39.4339687639405],
            [-0.402476346739485, 39.4338350522509],
            [-0.402474013020362, 39.4337305962092],
            [-0.402518135029295, 39.4334798830882],
            [-0.402513305684466, 39.4333866233653],
            [-0.402486578394447, 39.433268334129],
            [-0.402448474533978, 39.433122935195],
            [-0.402411018211552, 39.4329029031426],
            [-0.402383600022755, 39.4326934826311],
            [-0.402362266402559, 39.4325982504982],
            [-0.402337110524219, 39.432494897024],
            [-0.402343059528384, 39.4323860765723],
            [-0.402352737334515, 39.4322369346178],
            [-0.402376951972524, 39.4321427113236],
            [-0.402387505846874, 39.4320819120016],
            [-0.402384277433659, 39.4320015346972],
            [-0.402351324193396, 39.4318841783439],
            [-0.402344273542026, 39.4317956797005],
            [-0.40234648560925, 39.4316780010788],
            [-0.402342285535443, 39.4315124771393],
            [-0.402321844995732, 39.4312797353643],
            [-0.402309524669738, 39.431109210201],
            [-0.402296207656134, 39.4309780135552],
            [-0.402260313975384, 39.4308166281128],
            [-0.402224890395309, 39.4306425956841],
            [-0.402222536724209, 39.4305180493438],
            [-0.402215158733331, 39.4304480566169],
            [-0.402205818114676, 39.430386488378],
            [-0.402192749843043, 39.430310503701],
            [-0.402175628050136, 39.4302595091625],
            [-0.402152561746295, 39.430214678981],
            [-0.402124937359308, 39.4301524588835],
            [-0.402095479086715, 39.4300776934655],
            [-0.402057424114041, 39.4299554212612],
            [-0.402024653132003, 39.4298416363894],
            [-0.401996525792449, 39.4297548197793],
            [-0.401975501600251, 39.429706936147],
            [-0.401964142465851, 39.4296696827917],
            [-0.40193749998345, 39.4296098088862],
            [-0.401921677587279, 39.4295710593959],
            [-0.401907349423886, 39.4295233614435],
            [-0.401897433378282, 39.4294982302558],
            [-0.401874288346827, 39.4294499028128],
            [-0.401858873664845, 39.4293995589851],
            [-0.401849723185789, 39.4293347607743],
            [-0.401840644529241, 39.4292849099048],
            [-0.401826772355842, 39.4292365104318],
            [-0.401816641681626, 39.4291715191405],
            [-0.40180443271336, 39.4290930581597],
            [-0.401798313789405, 39.4289785716383],
            [-0.401795672911514, 39.428863334036],
            [-0.401797511077393, 39.4287891779554],
            [-0.401784442183127, 39.4286810314948],
            [-0.401772119315001, 39.4285909465006],
            [-0.401764031766166, 39.4285356854172],
            [-0.401758574051745, 39.4284659247567],
            [-0.40175174106812, 39.428400349514],
            [-0.401737576346479, 39.4282857462072],
            [-0.401730573298864, 39.4281922396195],
            [-0.401718435683691, 39.4280668529378],
            [-0.401711860454024, 39.4279805900434],
            [-0.401692607841022, 39.4279078724235],
            [-0.401667279441986, 39.427785154817],
            [-0.401640470413098, 39.4277457272841],
            [-0.401616330760025, 39.4277213682142],
            [-0.401576076375666, 39.4277108379243],
            [-0.401449214112003, 39.4277117678391],
            [-0.40134542558676, 39.4277288528498],
            [-0.401273017947182, 39.4277326755342],
            [-0.401174345012154, 39.4277265147156],
            [-0.401080573940479, 39.4277109860589],
            [-0.400984777293382, 39.4277096370669],
            [-0.40085393522719, 39.4277185673282],
            [-0.400766139607012, 39.4277213519505],
            [-0.400646220527704, 39.427715499395],
            [-0.400368388446353, 39.4277171422519],
            [-0.400291195223492, 39.427709082692],
            [-0.400227677133561, 39.4277050135515],
            [-0.400141051050214, 39.4276994636136],
            [-0.400068914664846, 39.4276966160309],
            [-0.399984433275785, 39.4277186721157],
            [-0.399915769939993, 39.4277445683814],
            [-0.399841439014714, 39.427771680158],
            [-0.399768190080222, 39.4277856270854],
            [-0.399700781422356, 39.4277974613957],
            [-0.399655229299942, 39.4278294329574],
            [-0.399589033852636, 39.4278567445731],
            [-0.399535945253437, 39.4278583497244],
            [-0.39948343051711, 39.4278585803214],
            [-0.399422440618396, 39.4278677382819],
            [-0.399380593239652, 39.4278875495439],
            [-0.399315817210901, 39.4279254151301],
            [-0.399268375827358, 39.4279594523476],
            [-0.399224053418616, 39.4279830279442],
            [-0.399166072703867, 39.4280084060166],
            [-0.399109992568278, 39.4280317185052],
            [-0.399063359319761, 39.4280533955156],
            [-0.399018354592528, 39.4280706405401],
            [-0.398974726885255, 39.4280930243934],
            [-0.398907234798693, 39.4281308199644],
            [-0.398856444247619, 39.4281577641504],
            [-0.398803016033762, 39.4281825412133],
            [-0.398767630539666, 39.4282091273814],
            [-0.398735552868194, 39.4282442198705],
            [-0.398703005951771, 39.4282919232905],
            [-0.39866433116966, 39.4283469669416],
            [-0.398637953467856, 39.4283990155431],
            [-0.398614488442328, 39.4284455257958],
            [-0.398594101547768, 39.4284829879414],
            [-0.398552622121746, 39.4284672941278],
            [-0.398480708539399, 39.4284537569963],
            [-0.398409048168611, 39.4284577657757],
            [-0.398353094225472, 39.4284530090468],
            [-0.398278438911294, 39.4284401041124],
            [-0.398149706558702, 39.4284291328651],
            [-0.398023537944743, 39.4284220025902],
            [-0.397911526910385, 39.4284049640121],
            [-0.397813328625394, 39.4284016397418],
            [-0.397763886460781, 39.4284095057946],
            [-0.397733734433363, 39.4284424699667],
            [-0.397720228804325, 39.428476059029],
            [-0.39770941685794, 39.4284828439158],
            [-0.397668584182488, 39.4284710020488],
            [-0.397638722583345, 39.428462144475],
            [-0.397603320740615, 39.4284613789603],
            [-0.39755185591996, 39.4284649114145],
            [-0.397483209845461, 39.4284840589572],
            [-0.397453451043959, 39.4284908520585],
            [-0.39740568891809, 39.4284897827286],
            [-0.397351717537503, 39.428490123885],
            [-0.397318105350973, 39.4284793534537],
            [-0.397301899563485, 39.4284531621584],
            [-0.397259778793929, 39.4283695175785],
            [-0.397209038929893, 39.4282830584143],
            [-0.39719135565905, 39.428258176345],
            [-0.397152266916798, 39.4281991848436],
            [-0.397128055443858, 39.428167120658],
            [-0.397112249569895, 39.4281439202298],
            [-0.397065516151317, 39.4280512625165],
            [-0.397053341878085, 39.428022251592],
            [-0.39704932175349, 39.4279851440941],
            [-0.39703387504729, 39.4279373214251],
            [-0.397013989741927, 39.4278907777226],
            [-0.396972214264768, 39.4278758785114],
            [-0.396924781947997, 39.4278678344928],
            [-0.396750245861739, 39.4278625206051],
            [-0.396626285927844, 39.4278600598393],
            [-0.396489827576668, 39.4278547695067],
            [-0.39627257442193, 39.4278554800536],
            [-0.395979593540793, 39.4278533947546],
            [-0.395768179848062, 39.4278520189836],
            [-0.395758385692432, 39.4278283584694],
            [-0.395762889076243, 39.4277844870322],
            [-0.395765354119738, 39.4277557318691],
            [-0.395765055140638, 39.427726022905],
            [-0.395760138643292, 39.4276889853759],
            [-0.395750587198182, 39.4276556908002],
            [-0.395747716772121, 39.4276114379539],
            [-0.395750255158109, 39.4275442255385],
            [-0.395758854850365, 39.4274820677602],
            [-0.395765654025511, 39.4274202209901],
            [-0.395767391109313, 39.4273735849139],
            [-0.395767471177238, 39.427347109618],
            [-0.395764755743443, 39.4273180311915],
            [-0.395738488416058, 39.427300019558],
            [-0.395699302229092, 39.4272907814234],
            [-0.395656247746968, 39.4272806097771],
            [-0.395617075794428, 39.4272706782504],
            [-0.395542754666455, 39.4272641303182],
            [-0.395460095817153, 39.4272643683992],
            [-0.395378460116317, 39.4272611519197],
            [-0.395188413885036, 39.4272702897604],
            [-0.394973223757093, 39.4272636928792],
            [-0.394740886927265, 39.4272602427942],
            [-0.394580335057097, 39.4272637524562],
            [-0.39447496466191, 39.4272559313613],
            [-0.3943539912724, 39.4272425623104],
            [-0.39429472604427, 39.4272341168559],
            [-0.394128415755593, 39.4272073080752],
            [-0.394026071500727, 39.4271965274288],
            [-0.394023323689738, 39.4272203843915],
            [-0.394022004320246, 39.4272277330826],
            [-0.392117459548502, 39.4318393819825],
            [-0.393722367193867, 39.4321322917921],
            [-0.393161409489487, 39.4336285811677],
            [-0.393572218632209, 39.433768575042],
            [-0.393717451502967, 39.4342389501742],
            [-0.39379091480393, 39.4346936982016],
            [-0.393663787480965, 39.4355158255828],
            [-0.393737633314591, 39.4357029738538],
            [-0.393007123216077, 39.4383486388293]
          ]
        ]
      },
      "properties": {
        "objectid": 233,
        "codbarrio": "8",
        "nombre": "FAITANAR",
        "coddistbar": "198",
        "coddistrit": "19",
        "gis.gis.BARRIOS.area": null
      }
    },
    {
      "type": "Feature",
      "id": 250,
      "geometry": {
        "type": "Polygon",
        "coordinates": [
          [
            [-0.37228588408948, 39.426021876853],
            [-0.372221220564665, 39.4259884157031],
            [-0.372143881672922, 39.4259513076784],
            [-0.372061755715797, 39.4259102175791],
            [-0.371970028296386, 39.4258723967802],
            [-0.371842879751594, 39.4258207753265],
            [-0.371725885193999, 39.4257728246927],
            [-0.371651932125689, 39.4257411441509],
            [-0.371583500296668, 39.425718020682],
            [-0.371520360475858, 39.4256885394734],
            [-0.371446210124643, 39.4256553138287],
            [-0.371397114664024, 39.4256017181371],
            [-0.371377777151588, 39.4255648671144],
            [-0.371381250572865, 39.4255092439678],
            [-0.371452425549428, 39.4253521715942],
            [-0.37156833930987, 39.4250979053352],
            [-0.371629284176618, 39.4249645110006],
            [-0.371784709395659, 39.4245867437017],
            [-0.371883014181267, 39.4243456823126],
            [-0.37193114070516, 39.4242250878488],
            [-0.371977822301022, 39.4241423158737],
            [-0.371814630738423, 39.4240777806899],
            [-0.371664172287438, 39.4239986685765],
            [-0.371531910766509, 39.4239456519481],
            [-0.371379866441073, 39.4238750620178],
            [-0.371246892837585, 39.4238184434454],
            [-0.371140537317476, 39.4237706157198],
            [-0.370908686778689, 39.4236662389759],
            [-0.370832502742828, 39.4236256878137],
            [-0.370770863164741, 39.4235959068166],
            [-0.370534623927035, 39.4234995380354],
            [-0.370392224070938, 39.423438173828],
            [-0.370204718458481, 39.4233703927571],
            [-0.369981724407512, 39.4232878718056],
            [-0.369768716901423, 39.423203279132],
            [-0.369544559665621, 39.4231186680058],
            [-0.369392844118844, 39.4230579656485],
            [-0.369126219237007, 39.4229480958445],
            [-0.368873357489084, 39.4228444557594],
            [-0.368707715115293, 39.4227766806656],
            [-0.368458697944374, 39.4226582621171],
            [-0.368143335548239, 39.4224901166582],
            [-0.368063016837225, 39.4224570375226],
            [-0.367912468026302, 39.4223950353696],
            [-0.367718169160826, 39.4222983402849],
            [-0.367447225620218, 39.4221688106819],
            [-0.367236572744438, 39.4220613392338],
            [-0.366902937224036, 39.4219223976819],
            [-0.36669094993479, 39.4218328226295],
            [-0.366494207357356, 39.4217465114163],
            [-0.366209835583739, 39.4216186657113],
            [-0.366011319393691, 39.4215273586427],
            [-0.365899142857004, 39.421475448408],
            [-0.365832375774713, 39.4214415937555],
            [-0.365787755812743, 39.421430952216],
            [-0.3657372214031, 39.4214018706672],
            [-0.365704444881438, 39.4213783896092],
            [-0.365687844150383, 39.4213577975789],
            [-0.365672874447253, 39.4213404676728],
            [-0.365659320276706, 39.4213259535748],
            [-0.365630437775865, 39.4213094885395],
            [-0.365566827545119, 39.421282182633],
            [-0.365509946128872, 39.4212566327581],
            [-0.365415638718471, 39.4212252707919],
            [-0.365354698254727, 39.4212023315028],
            [-0.365285841152845, 39.4211814199225],
            [-0.365195020236014, 39.4211595690556],
            [-0.365083481551763, 39.4211191227379],
            [-0.364975981468866, 39.4210907946611],
            [-0.364919102741724, 39.4210762803918],
            [-0.364818330788245, 39.4210423300132],
            [-0.364722516962782, 39.4210121225082],
            [-0.364676114324066, 39.4209970167924],
            [-0.364642438950536, 39.4209807581709],
            [-0.36462523017471, 39.4209679898995],
            [-0.364614012768823, 39.4209494206249],
            [-0.364607022693873, 39.4209176140989],
            [-0.364620871319132, 39.420860505695],
            [-0.364647191935036, 39.4207825092506],
            [-0.364701664699996, 39.4205782164139],
            [-0.364775472983826, 39.4203339391804],
            [-0.364837571579784, 39.4200770543355],
            [-0.364839455635205, 39.4200554127592],
            [-0.364824030308573, 39.4200320004577],
            [-0.364786761725764, 39.4200093902744],
            [-0.364677878963168, 39.4199663281627],
            [-0.364532571634521, 39.4199223410866],
            [-0.36444432838361, 39.4199054939409],
            [-0.364388921437424, 39.4199243815404],
            [-0.364295451723066, 39.4199010555449],
            [-0.364224948974227, 39.419885943767],
            [-0.364143046470554, 39.4198638889074],
            [-0.364029332642624, 39.4198316083428],
            [-0.36383193495843, 39.4197804753795],
            [-0.363638607483441, 39.41971535357],
            [-0.363344160196507, 39.419606182015],
            [-0.363132820054115, 39.4195268582908],
            [-0.362840124273062, 39.4194156351493],
            [-0.36274863333809, 39.419375596365],
            [-0.362630038872198, 39.4193406452097],
            [-0.36237637071977, 39.4193178091917],
            [-0.362097118252182, 39.4192979685835],
            [-0.361846268231827, 39.4192429256952],
            [-0.361522759425652, 39.419302005777],
            [-0.361170883314305, 39.4193888729209],
            [-0.360840751736861, 39.4194667553465],
            [-0.3604493317293, 39.4195722176539],
            [-0.360282655461689, 39.4196134952076],
            [-0.360080928796455, 39.4196919037649],
            [-0.360000687422306, 39.4197114234646],
            [-0.359827168276318, 39.4196908884826],
            [-0.359572252036751, 39.4196709548666],
            [-0.359295459852969, 39.4196314700774],
            [-0.35895425897627, 39.4195976293351],
            [-0.358825495117111, 39.4196065595368],
            [-0.358320304354046, 39.4197682483821],
            [-0.358083091228528, 39.4197845509244],
            [-0.357968352364157, 39.419769952523],
            [-0.35767783423735, 39.4197202602288],
            [-0.357430613198505, 39.4196466960743],
            [-0.357223899989271, 39.4195539175553],
            [-0.357103079776294, 39.4195001718082],
            [-0.356920824998156, 39.4196001792697],
            [-0.356621199133269, 39.4197924076342],
            [-0.356427901335682, 39.4199257931611],
            [-0.356106573155161, 39.4201607960444],
            [-0.355854479071909, 39.4203436081012],
            [-0.355735685238829, 39.4204288682182],
            [-0.355443121572776, 39.4206252089612],
            [-0.355082129132323, 39.420871666689],
            [-0.354737257431243, 39.4211352825447],
            [-0.354372178171137, 39.4213999779549],
            [-0.354135699316735, 39.4215680066992],
            [-0.35380252885786, 39.4217957065606],
            [-0.353602782930185, 39.4219371294645],
            [-0.353565368452065, 39.4219733850579],
            [-0.35350437885567, 39.42196625796],
            [-0.353419930246833, 39.4219651641791],
            [-0.353330158947533, 39.4219647599464],
            [-0.353245463013459, 39.4219702008137],
            [-0.353042431614115, 39.421984496488],
            [-0.352656237869491, 39.4220061520202],
            [-0.352360613168669, 39.4220313735666],
            [-0.351998770275898, 39.4220556445361],
            [-0.351684032480223, 39.4220715012317],
            [-0.351388304692527, 39.4220923756934],
            [-0.351219917069591, 39.4221070881381],
            [-0.351114550905746, 39.4221160653827],
            [-0.351009193354547, 39.4221275742062],
            [-0.35085736941169, 39.4221493300949],
            [-0.350782701034424, 39.4221595741571],
            [-0.350600186019625, 39.4221832518349],
            [-0.350386564614784, 39.4222115354254],
            [-0.350177407880421, 39.422233875474],
            [-0.35010929150954, 39.4222667724821],
            [-0.345780471843104, 39.4214068241292],
            [-0.344120506433917, 39.4213238760342],
            [-0.344116989131437, 39.4223327464929],
            [-0.34608062758209, 39.4295348305581],
            [-0.348960429270773, 39.4305374061039],
            [-0.351137697245332, 39.4312671707338],
            [-0.35541385980599, 39.4326932918114],
            [-0.356395405376257, 39.4330219097659],
            [-0.359082005697365, 39.4339207727042],
            [-0.36138960256306, 39.4346668391719],
            [-0.362134983785315, 39.4348098714768],
            [-0.365555331038197, 39.4351441928939],
            [-0.370173719134826, 39.4355190383627],
            [-0.370594256652345, 39.4334340614312],
            [-0.370602394549745, 39.4322541331578],
            [-0.370723045610917, 39.430554246112],
            [-0.370920126573095, 39.4293695730009],
            [-0.371471275160088, 39.4280172426779],
            [-0.372285414613625, 39.4260235508947],
            [-0.37228588408948, 39.426021876853]
          ]
        ]
      },
      "properties": {
        "objectid": 250,
        "codbarrio": "2",
        "nombre": "CASTELLAR-L'OLIVERAL",
        "coddistbar": "192",
        "coddistrit": "19",
        "gis.gis.BARRIOS.area": null
      }
    },
    {
      "type": "Feature",
      "id": 251,
      "geometry": {
        "type": "Polygon",
        "coordinates": [
          [
            [-0.388678197288857, 39.4334552246613],
            [-0.388654832725245, 39.4334453305646],
            [-0.388600324338282, 39.4334328899906],
            [-0.388536196402784, 39.4334154856096],
            [-0.388481238428141, 39.4334048186339],
            [-0.388094645274455, 39.4332755850564],
            [-0.387988744258089, 39.4332403951689],
            [-0.387889645108833, 39.4331963491756],
            [-0.38782482674353, 39.4331473798665],
            [-0.387796677338692, 39.4331275043642],
            [-0.387782162108191, 39.4331130342637],
            [-0.387761413972157, 39.433096550249],
            [-0.387713709926388, 39.4330668030055],
            [-0.38762600057605, 39.4330058508776],
            [-0.387551440887858, 39.4329610948521],
            [-0.387470041280248, 39.4329122301625],
            [-0.387376227712062, 39.4328731853327],
            [-0.387308792488801, 39.4328507330566],
            [-0.38725231576612, 39.4328322296972],
            [-0.3871421505544, 39.4328014386208],
            [-0.387017928490736, 39.4327690972439],
            [-0.386866822714954, 39.4327336919663],
            [-0.386667332869208, 39.4326845773224],
            [-0.386447093339837, 39.4326140682302],
            [-0.386315995664297, 39.4325683375058],
            [-0.386165313781815, 39.4325228599421],
            [-0.386052610859374, 39.4324860198866],
            [-0.38593430069475, 39.432448459041],
            [-0.385921934660654, 39.4324461179211],
            [-0.385876291959583, 39.4324237224723],
            [-0.385816688102762, 39.4323941122456],
            [-0.385760790663969, 39.4323688375257],
            [-0.385730975773168, 39.4323565545753],
            [-0.38565732968609, 39.4323172412281],
            [-0.385587357730202, 39.4322825058901],
            [-0.385537645153321, 39.432265189857],
            [-0.38545940047541, 39.432237016009],
            [-0.385411895266056, 39.4322175243838],
            [-0.385284393412017, 39.4321676302153],
            [-0.385116321298044, 39.432087706652],
            [-0.384898325343507, 39.431992407705],
            [-0.384642785255559, 39.4318650839913],
            [-0.384422038154282, 39.4317632448948],
            [-0.384311692194423, 39.4317100420671],
            [-0.384258603790685, 39.43168547848],
            [-0.384195256648136, 39.4316565939949],
            [-0.384122579016953, 39.4316159681698],
            [-0.383998918084161, 39.4315423396277],
            [-0.383835961717819, 39.4314484124877],
            [-0.383656606195512, 39.4313370081995],
            [-0.38346147979335, 39.4312223838305],
            [-0.383336515367457, 39.4311491666867],
            [-0.383272980367338, 39.4311079443542],
            [-0.383193566662181, 39.4310493017608],
            [-0.383100521759213, 39.4309644067405],
            [-0.382947128972296, 39.4308431626114],
            [-0.382795235363526, 39.4307358797269],
            [-0.382661797578154, 39.4306454533635],
            [-0.382456488665465, 39.4305230216139],
            [-0.382301869282429, 39.4304342800002],
            [-0.382183558041248, 39.4303627699917],
            [-0.382007624967653, 39.4302516294572],
            [-0.381849709753169, 39.4301442187474],
            [-0.381710178581861, 39.4300614647422],
            [-0.381592900884559, 39.4299906170496],
            [-0.381505163033792, 39.4299312903296],
            [-0.381389742622583, 39.429863592327],
            [-0.381272916827295, 39.4297999255439],
            [-0.381167502003388, 39.4297324527296],
            [-0.381024748680113, 39.4296470668071],
            [-0.380938804689501, 39.4296040680892],
            [-0.380815278191293, 39.4295292050249],
            [-0.38074147380863, 39.4294893084714],
            [-0.380538312573411, 39.4293745342554],
            [-0.380482673469744, 39.4293446503179],
            [-0.380452608238913, 39.4293174056924],
            [-0.380404339176285, 39.4292951381235],
            [-0.380348890220578, 39.4292251509934],
            [-0.380093360159982, 39.4289945131195],
            [-0.379915024918755, 39.4288583788194],
            [-0.379733675390687, 39.4287345004156],
            [-0.379677525837511, 39.4287185683146],
            [-0.379382174398842, 39.4285236792721],
            [-0.379077124212166, 39.4283176520865],
            [-0.378929953802569, 39.4282067680834],
            [-0.378763716678639, 39.4281003457626],
            [-0.378580276234739, 39.427997949595],
            [-0.37834921871574, 39.4278912720953],
            [-0.378185935551441, 39.4278102034277],
            [-0.378028552151266, 39.4277353756084],
            [-0.377888155555695, 39.4276682008923],
            [-0.377591833451225, 39.4275493021609],
            [-0.377300786268455, 39.4274108914074],
            [-0.377060212542573, 39.4272935464037],
            [-0.376924759220308, 39.4272352296714],
            [-0.376826152783021, 39.427197969144],
            [-0.376703690263024, 39.4271528730068],
            [-0.376583549135665, 39.4271161893444],
            [-0.376347465529748, 39.4270467181487],
            [-0.376024237037228, 39.4269661174029],
            [-0.375875064322113, 39.4269279758974],
            [-0.375751306497276, 39.426902254587],
            [-0.375665283921894, 39.4268899974485],
            [-0.375537153827071, 39.4268767805834],
            [-0.375288136422735, 39.4268520504798],
            [-0.375089835808481, 39.4268183391369],
            [-0.37491921148304, 39.4267980720468],
            [-0.374650047410848, 39.426740985287],
            [-0.374372154517344, 39.4266883763416],
            [-0.374143613903114, 39.4266612685135],
            [-0.373972142376356, 39.4266400710064],
            [-0.3736759509446, 39.4265724166615],
            [-0.373534744061545, 39.4265399745632],
            [-0.373410315140324, 39.4265095870437],
            [-0.373252223650543, 39.4264677362262],
            [-0.373130599383511, 39.4264406189342],
            [-0.373056578109713, 39.4264023702855],
            [-0.372935240947246, 39.4263679260777],
            [-0.37285552901342, 39.4263392332068],
            [-0.37276678409278, 39.4263054803614],
            [-0.37263310067977, 39.4262354511373],
            [-0.372561091652446, 39.4262005448951],
            [-0.372433558170429, 39.4261065918208],
            [-0.372332065776292, 39.4260457762176],
            [-0.37228588408948, 39.426021876853],
            [-0.372285414613625, 39.4260235508947],
            [-0.371471275160088, 39.4280172426779],
            [-0.370920126573095, 39.4293695730009],
            [-0.370723045610917, 39.430554246112],
            [-0.370602394549745, 39.4322541331578],
            [-0.370594256652345, 39.4334340614312],
            [-0.370173719134826, 39.4355190383627],
            [-0.378091528382188, 39.4363014885465],
            [-0.387154992365107, 39.4371902471647],
            [-0.388676891911647, 39.4334578259232],
            [-0.388678197288857, 39.4334552246613]
          ]
        ]
      },
      "properties": {
        "objectid": 251,
        "codbarrio": "1",
        "nombre": "EL FORN D'ALCEDO",
        "coddistbar": "191",
        "coddistrit": "19",
        "gis.gis.BARRIOS.area": null
      }
    },
    {
      "type": "Feature",
      "id": 252,
      "geometry": {
        "type": "Polygon",
        "coordinates": [
          [
            [-0.394026071500727, 39.4271965274288],
            [-0.394025550881734, 39.4271964707133],
            [-0.393981049164367, 39.4271917884449],
            [-0.393838198543304, 39.4272093783901],
            [-0.393728364403704, 39.427212240167],
            [-0.393425523867342, 39.4271628019718],
            [-0.393258137943811, 39.4271084637382],
            [-0.393210366895716, 39.4270895909573],
            [-0.393151102694611, 39.4270742711738],
            [-0.392950789691841, 39.4270453558654],
            [-0.392810025139956, 39.4270191541523],
            [-0.392617005279057, 39.4269846902172],
            [-0.392459800807933, 39.4269545247946],
            [-0.392339140807732, 39.4269411877088],
            [-0.392209412998059, 39.4269258633198],
            [-0.392152366197025, 39.4269261601053],
            [-0.39204358681308, 39.4269079181482],
            [-0.39191693547112, 39.426868356516],
            [-0.39146746175552, 39.4268134341434],
            [-0.391321944684947, 39.4267841870977],
            [-0.391157763924691, 39.4267613857737],
            [-0.390998507941945, 39.4267382893501],
            [-0.390965101094771, 39.4268802040508],
            [-0.390922999218742, 39.4270496709043],
            [-0.390878219422836, 39.4272230325248],
            [-0.390793684960093, 39.4275673730302],
            [-0.390682740951481, 39.4280316683238],
            [-0.390555723856016, 39.4285294219522],
            [-0.390423514786379, 39.4290299056353],
            [-0.390315107556411, 39.4294373033251],
            [-0.390214311839991, 39.4299236362809],
            [-0.3900971211693, 39.4303179177777],
            [-0.390010936770768, 39.430637148769],
            [-0.39000317007555, 39.4308451782598],
            [-0.389899592194521, 39.4311607213516],
            [-0.389806783211571, 39.4315608651399],
            [-0.389692869409796, 39.432034930086],
            [-0.389602202687146, 39.4324068789608],
            [-0.389561758710319, 39.4325961477946],
            [-0.389502055471081, 39.432875568195],
            [-0.389373164685929, 39.4333041529456],
            [-0.389350358697732, 39.4333975040684],
            [-0.389299045236446, 39.4333937660649],
            [-0.389281370017104, 39.4334819351959],
            [-0.389274936027543, 39.43351547482],
            [-0.389246036099016, 39.4335713563323],
            [-0.389220375106016, 39.4335961939802],
            [-0.389181899355024, 39.4336048791944],
            [-0.38902477356344, 39.4335613686459],
            [-0.388705747688994, 39.4334668884343],
            [-0.388678197288857, 39.4334552246613],
            [-0.388676891911647, 39.4334578259232],
            [-0.387154992365107, 39.4371902471647],
            [-0.389833250321849, 39.4375116763133],
            [-0.393007123216077, 39.4383486388293],
            [-0.393737633314591, 39.4357029738538],
            [-0.393663787480965, 39.4355158255828],
            [-0.39379091480393, 39.4346936982016],
            [-0.393717451502967, 39.4342389501742],
            [-0.393572218632209, 39.433768575042],
            [-0.393161409489487, 39.4336285811677],
            [-0.393722367193867, 39.4321322917921],
            [-0.392757258456942, 39.4319561558747],
            [-0.392117459548502, 39.4318393819825],
            [-0.394023323689738, 39.4272203843915],
            [-0.394026071500727, 39.4271965274288]
          ]
        ]
      },
      "properties": {
        "objectid": 252,
        "codbarrio": "7",
        "nombre": "LA TORRE",
        "coddistbar": "197",
        "coddistrit": "19",
        "gis.gis.BARRIOS.area": null
      }
    },
    {
      "type": "Feature",
      "id": 37,
      "geometry": {
        "type": "Polygon",
        "coordinates": [
          [
            [-0.375666813530729, 39.4738131323714],
            [-0.376853555043239, 39.4722183525156],
            [-0.377809324677087, 39.4709111341046],
            [-0.378432616734505, 39.471375636422],
            [-0.378857187793835, 39.4715608850539],
            [-0.379213560756804, 39.4718211689522],
            [-0.379793979388724, 39.4719964155954],
            [-0.379750449201047, 39.4712206862876],
            [-0.381186892018838, 39.4708476783899],
            [-0.381461536147425, 39.4708853979856],
            [-0.382683836766779, 39.470894915611],
            [-0.383564660646538, 39.4705949466614],
            [-0.383452500837476, 39.4703311659887],
            [-0.381380935006315, 39.4687349908713],
            [-0.380888876814457, 39.4685482305645],
            [-0.379851901797451, 39.468150990004],
            [-0.378858369448441, 39.4679123741845],
            [-0.376954113830001, 39.4674549949186],
            [-0.376527260108427, 39.4673507672208],
            [-0.37491579380279, 39.4671251929987],
            [-0.373876698639345, 39.4678088983365],
            [-0.37291491396186, 39.468503350579],
            [-0.371125517498802, 39.4697421251728],
            [-0.370421898458689, 39.4703117683852],
            [-0.36866414107736, 39.4718845356721],
            [-0.370060717121135, 39.4723395630021],
            [-0.369989379638458, 39.4726712736009],
            [-0.370683089530754, 39.4728085900309],
            [-0.370856053763838, 39.4722089236527],
            [-0.371588480802347, 39.4723020666457],
            [-0.371801137640777, 39.4714780767428],
            [-0.372541440781097, 39.4715353566231],
            [-0.373693420104607, 39.4718496780505],
            [-0.374303920229324, 39.4718814911705],
            [-0.374630363640872, 39.4718168051959],
            [-0.37466655652777, 39.4719167195694],
            [-0.374960680570185, 39.4718422847188],
            [-0.375398781867413, 39.4716674998022],
            [-0.375553939682345, 39.4721394612322],
            [-0.375509605029451, 39.4725843862491],
            [-0.375245268121435, 39.4730063337591],
            [-0.374392872433601, 39.4727033010369],
            [-0.374233182061131, 39.4735104750702],
            [-0.375666813530729, 39.4738131323714]
          ]
        ]
      },
      "properties": {
        "objectid": 37,
        "codbarrio": "6",
        "nombre": "SANT FRANCESC",
        "coddistbar": "016",
        "coddistrit": "1",
        "gis.gis.BARRIOS.area": 4386583.125
      }
    },
    {
      "type": "Feature",
      "id": 66,
      "geometry": {
        "type": "Polygon",
        "coordinates": [
          [
            [-0.385816137044661, 39.4478354175834],
            [-0.3896127486291, 39.4477225709993],
            [-0.392097800264748, 39.4476477366928],
            [-0.392447118675496, 39.4467141493797],
            [-0.392978369176363, 39.4453612436394],
            [-0.393356566821944, 39.4443922653763],
            [-0.393718633945897, 39.4434274373833],
            [-0.3943049214692, 39.4419226349487],
            [-0.393545201792415, 39.4418875746431],
            [-0.392299627886968, 39.4422425043183],
            [-0.390436237393745, 39.4423403125091],
            [-0.389036337056551, 39.4423358924429],
            [-0.388017179053435, 39.4420922867934],
            [-0.387645534885314, 39.4430388364313],
            [-0.387151328302836, 39.4443114794103],
            [-0.38631355474632, 39.4464006945195],
            [-0.385816137044661, 39.4478354175834]
          ]
        ]
      },
      "properties": {
        "objectid": 66,
        "codbarrio": "4",
        "nombre": "SANT MARCEL.LI",
        "coddistbar": "094",
        "coddistrit": "9",
        "gis.gis.BARRIOS.area": 3304381.875
      }
    },
    {
      "type": "Feature",
      "id": 201,
      "geometry": {
        "type": "Polygon",
        "coordinates": [
          [
            [-0.367195442699138, 39.5042490061319],
            [-0.3672868479986, 39.504294877906],
            [-0.367451242758336, 39.5043316830556],
            [-0.367573339132873, 39.5043578001676],
            [-0.367680966844883, 39.5044341824461],
            [-0.367698269999712, 39.5045746694381],
            [-0.367695721942848, 39.5046818968287],
            [-0.367756851748233, 39.5045206109189],
            [-0.368812598149228, 39.501832892298],
            [-0.369901044421882, 39.5002712757361],
            [-0.370498221690905, 39.49820229284],
            [-0.371220928362409, 39.4983908306971],
            [-0.371798999824804, 39.4970312618444],
            [-0.371361248231839, 39.496922262803],
            [-0.370783097880548, 39.4967785545321],
            [-0.371029082228266, 39.4963066654086],
            [-0.37023344539404, 39.4960138841934],
            [-0.371050445034826, 39.4948342167114],
            [-0.371629554342769, 39.4951446072766],
            [-0.371947258405331, 39.4946788427054],
            [-0.372252948674473, 39.4944154936268],
            [-0.372527295341943, 39.4943090882778],
            [-0.372825390131486, 39.4939194522025],
            [-0.373361499541413, 39.4930757400659],
            [-0.373883715309072, 39.4920605536405],
            [-0.373741338657295, 39.4919627436248],
            [-0.372726648329725, 39.4912551385762],
            [-0.3712996213658, 39.4902093862333],
            [-0.370132588708568, 39.4893226413982],
            [-0.368418463790529, 39.4879730577313],
            [-0.367077235557545, 39.4887579582971],
            [-0.369002558804104, 39.4902880147789],
            [-0.368812030404674, 39.4904458582141],
            [-0.369029714509132, 39.490608431712],
            [-0.368314136243939, 39.4912003181828],
            [-0.369147910173854, 39.4918092732049],
            [-0.368049286490266, 39.4927303036977],
            [-0.367254504670412, 39.4933789369262],
            [-0.368357544877968, 39.4941516517545],
            [-0.367816977871141, 39.4946303843297],
            [-0.368122108349903, 39.4948444886742],
            [-0.367688576846854, 39.4952400618072],
            [-0.367396656413981, 39.4955037105936],
            [-0.366633034872638, 39.4949413767043],
            [-0.366339057208262, 39.4951824543029],
            [-0.368241526333401, 39.4965903785994],
            [-0.36779844983617, 39.497084832017],
            [-0.369096961564742, 39.497609723164],
            [-0.368129963281613, 39.4999120718575],
            [-0.369276150467592, 39.5001992923281],
            [-0.368600567439173, 39.5018280903862],
            [-0.368293203808473, 39.5017490587799],
            [-0.367666059956815, 39.5033834522024],
            [-0.367195442699138, 39.5042490061319]
          ]
        ]
      },
      "properties": {
        "objectid": 201,
        "codbarrio": "1",
        "nombre": "ELS ORRIOLS",
        "coddistbar": "151",
        "coddistrit": "15",
        "gis.gis.BARRIOS.area": null
      }
    },
    {
      "type": "Feature",
      "id": 26,
      "geometry": {
        "type": "Polygon",
        "coordinates": [
          [
            [-0.370587097838439, 39.4772071907563],
            [-0.372562198836046, 39.4784320157112],
            [-0.372800466727393, 39.4785680301592],
            [-0.374133814145287, 39.4793368876581],
            [-0.376204321807566, 39.4788971911646],
            [-0.37687761291219, 39.4773764021712],
            [-0.376881334310225, 39.4772773894928],
            [-0.377202938674975, 39.4772260915159],
            [-0.377235116956793, 39.477046641985],
            [-0.377936932712187, 39.4770084270989],
            [-0.377918705580333, 39.476913432523],
            [-0.377980227362203, 39.4766490613412],
            [-0.378479275606742, 39.4766513117609],
            [-0.379170386650545, 39.4765497863158],
            [-0.379167274101485, 39.4761488248001],
            [-0.379268910686602, 39.4756286159232],
            [-0.379103404130943, 39.4756248832584],
            [-0.378771108323047, 39.4756128838906],
            [-0.378322234676279, 39.4757063500977],
            [-0.377711963535589, 39.4755709618156],
            [-0.377678088183344, 39.4753900215376],
            [-0.376900641022133, 39.4753724751141],
            [-0.377060068585858, 39.4744166463103],
            [-0.376852969590331, 39.4742633265881],
            [-0.377100418570903, 39.474039187725],
            [-0.376937692561182, 39.4739229048516],
            [-0.376702166935927, 39.4739265971001],
            [-0.376083837416868, 39.4738901152269],
            [-0.375666813530729, 39.4738131323714],
            [-0.374233182061131, 39.4735104750702],
            [-0.374244681845426, 39.4739386524377],
            [-0.374542108437513, 39.4740084340308],
            [-0.37440131673581, 39.4743520914773],
            [-0.374224912053814, 39.4746183693258],
            [-0.374165252781891, 39.4748332231949],
            [-0.373793133772056, 39.4753968721718],
            [-0.373691973063456, 39.4753630551998],
            [-0.373591412334678, 39.4754869054743],
            [-0.373475844118449, 39.4758356361174],
            [-0.37344386987264, 39.4762988568967],
            [-0.373254697871242, 39.4762675546148],
            [-0.373142253677751, 39.4766298686499],
            [-0.372993198729595, 39.4768066748284],
            [-0.372932777638446, 39.4769449450594],
            [-0.371621899484945, 39.4767576398524],
            [-0.370587097838439, 39.4772071907563]
          ]
        ]
      },
      "properties": {
        "objectid": 26,
        "codbarrio": "1",
        "nombre": "LA SEU",
        "coddistbar": "011",
        "coddistrit": "1",
        "gis.gis.BARRIOS.area": 2210741.0938
      }
    }
  ]
}